timestamp,open,high,low,close,volume
2023-03-19 19:00:00,339.5,341.0,339.3,339.7,17917.75
2023-03-19 20:00:00,339.7,340.8,335.4,337.1,25653.793
2023-03-19 21:00:00,337.2,339.2,336.3,336.5,10041.989
2023-03-19 22:00:00,336.5,338.7,336.0,338.5,13808.375
2023-03-19 23:00:00,338.6,339.0,335.1,336.7,18879.972
2023-03-20 00:00:00,336.7,336.7,334.2,334.8,19239.32
2023-03-20 01:00:00,334.9,337.5,333.1,337.1,17747.061
2023-03-20 02:00:00,337.1,337.1,333.6,336.1,18306.075
2023-03-20 03:00:00,336.1,336.5,332.3,333.3,21672.616
2023-03-20 04:00:00,333.3,334.8,331.6,334.7,13885.66
2023-03-20 05:00:00,334.7,335.4,333.7,334.3,10034.608
2023-03-20 06:00:00,334.3,335.5,332.8,333.5,13011.87
2023-03-20 07:00:00,333.5,335.8,333.5,334.7,42475.501
2023-03-20 08:00:00,334.7,338.2,334.2,337.6,39552.105
2023-03-20 09:00:00,337.6,338.2,335.9,337.4,20436.36
2023-03-20 10:00:00,337.3,338.7,336.5,337.3,19655.626
2023-03-20 11:00:00,337.3,338.9,336.5,337.2,11890.222
2023-03-20 12:00:00,337.3,338.9,337.0,338.5,14721.116
2023-03-20 13:00:00,338.6,339.0,335.0,335.7,29784.317
2023-03-20 14:00:00,335.7,338.0,335.6,337.9,20460.668
2023-03-20 15:00:00,338.0,338.9,336.7,337.5,14835.531
2023-03-20 16:00:00,337.5,338.4,334.6,335.1,23961.615
2023-03-20 17:00:00,335.2,338.2,334.3,336.9,24040.554
2023-03-20 18:00:00,336.9,339.1,335.3,338.6,23559.498
2023-03-20 19:00:00,338.5,338.7,335.6,336.0,20263.57
2023-03-20 20:00:00,336.0,336.8,334.5,335.0,26371.901
2023-03-20 21:00:00,335.0,335.7,332.6,335.0,28780.966
2023-03-20 22:00:00,335.0,337.0,334.7,336.3,15515.858
2023-03-20 23:00:00,336.3,336.5,331.3,332.5,21301.904
2023-03-21 00:00:00,332.5,335.6,331.6,333.3,20784.512
2023-03-21 01:00:00,333.4,336.1,332.0,335.2,14629.224
2023-03-21 02:00:00,335.1,335.3,333.1,335.0,11939.6
2023-03-21 03:00:00,335.0,335.3,333.5,334.9,10862.229
2023-03-21 04:00:00,334.9,335.8,334.5,335.0,9252.33
2023-03-21 05:00:00,335.0,335.1,331.8,331.9,13954.695
2023-03-21 06:00:00,332.0,332.3,330.4,331.3,20060.424
2023-03-21 07:00:00,331.3,331.5,327.1,328.7,34777.342
2023-03-21 08:00:00,328.7,332.5,327.6,331.8,25221.265
2023-03-21 09:00:00,331.9,334.0,331.4,332.7,24383.036
2023-03-21 10:00:00,332.6,335.0,332.5,334.9,19697.144
2023-03-21 11:00:00,335.0,335.0,334.1,334.9,11143.827
2023-03-21 12:00:00,334.8,337.4,334.2,337.0,26263.621
2023-03-21 13:00:00,337.1,338.1,335.5,336.7,32842.288
2023-03-21 14:00:00,336.7,338.0,334.5,335.1,29903.927
2023-03-21 15:00:00,335.2,337.9,335.0,337.7,17572.81
2023-03-21 16:00:00,337.8,339.9,336.9,337.5,29069.225
2023-03-21 17:00:00,337.5,338.6,336.1,336.4,25813.585
2023-03-21 18:00:00,336.4,337.5,335.0,337.2,20101.988
2023-03-21 19:00:00,337.1,338.5,336.8,337.9,12936.696
2023-03-21 20:00:00,337.9,338.7,337.3,337.6,14482.148
2023-03-21 21:00:00,337.5,337.7,335.8,336.9,14766.959
2023-03-21 22:00:00,336.8,337.0,334.6,335.4,16588.378
2023-03-21 23:00:00,335.4,335.5,334.3,334.4,20396.436
2023-03-22 00:00:00,334.5,335.5,331.5,332.2,39886.462
2023-03-22 01:00:00,332.3,335.0,331.4,334.7,23151.955
2023-03-22 02:00:00,334.7,335.8,334.1,334.9,18209.305
2023-03-22 03:00:00,335.0,336.2,334.1,335.2,13704.439
2023-03-22 04:00:00,335.3,337.8,335.1,337.3,21228.852
2023-03-22 05:00:00,337.3,337.5,336.9,337.2,17461.405
2023-03-22 06:00:00,337.3,339.1,335.4,338.8,66801.062
2023-03-22 07:00:00,338.9,339.5,336.0,336.8,56795.846
2023-03-22 08:00:00,336.8,338.1,334.1,335.1,71012.631
2023-03-22 09:00:00,335.2,335.7,329.3,329.6,65008.327
2023-03-22 10:00:00,329.6,333.4,325.0,327.5,211018.534
2023-03-22 11:00:00,327.6,327.6,323.5,324.1,77375.612
2023-03-22 12:00:00,324.2,326.7,321.8,325.8,100404.307
2023-03-22 13:00:00,325.8,327.3,324.8,326.5,38215.23
2023-03-22 14:00:00,326.4,330.8,326.4,328.2,55853.581
2023-03-22 15:00:00,328.3,329.8,326.2,327.8,42480.93
2023-03-22 16:00:00,327.8,328.2,325.9,327.3,33741.296
2023-03-22 17:00:00,327.4,328.2,324.7,327.6,40505.02
2023-03-22 18:00:00,327.7,330.7,323.8,326.9,102739.042
2023-03-22 19:00:00,326.9,327.2,316.4,316.9,103074.99
2023-03-22 20:00:00,316.9,323.1,316.0,322.1,35108.328
2023-03-22 21:00:00,322.1,323.0,320.2,320.6,18258.466
2023-03-22 22:00:00,320.5,321.8,319.4,321.5,21839.8
2023-03-22 23:00:00,321.6,322.3,320.9,321.1,12340.357
2023-03-23 00:00:00,321.2,322.3,319.7,321.1,14841.523
2023-03-23 01:00:00,321.1,321.3,319.1,319.3,11118.005
2023-03-23 02:00:00,319.3,320.6,318.9,320.6,19178.242
2023-03-23 03:00:00,320.6,321.0,320.1,320.5,7788.728
2023-03-23 04:00:00,320.6,322.0,320.4,320.5,6231.654
2023-03-23 05:00:00,320.6,323.1,320.4,322.8,15601.052
2023-03-23 06:00:00,322.8,324.3,322.3,323.3,11381.223
2023-03-23 07:00:00,323.4,324.1,322.7,324.0,11796.081
2023-03-23 08:00:00,324.0,324.8,323.1,324.4,15023.469
2023-03-23 09:00:00,324.5,325.7,324.4,325.7,13287.671
2023-03-23 10:00:00,325.7,326.2,324.8,325.0,9939.734
2023-03-23 11:00:00,325.0,325.5,323.2,325.3,10366.303
2023-03-23 12:00:00,325.3,325.3,323.3,323.5,10040.774
2023-03-23 13:00:00,323.5,323.8,322.2,323.0,16413.448
2023-03-23 14:00:00,323.0,327.0,321.1,326.6,26266.878
2023-03-23 15:00:00,326.7,331.5,326.4,330.6,65860.519
2023-03-23 16:00:00,330.7,332.1,328.6,329.6,29240.669
2023-03-23 17:00:00,329.6,330.1,328.1,329.2,14179.717
2023-03-23 18:00:00,329.3,329.8,325.5,327.3,18819.473
2023-03-23 19:00:00,327.3,330.2,326.8,329.9,19751.991
2023-03-23 20:00:00,329.8,329.9,328.0,329.1,9072.787
2023-03-23 21:00:00,329.2,329.4,327.7,329.3,7574.963
2023-03-23 22:00:00,329.3,329.4,327.9,328.3,7391.691
2023-03-23 23:00:00,328.3,330.0,328.0,329.4,11927.996
2023-03-24 00:00:00,329.4,330.0,328.8,329.0,8217.014
2023-03-24 01:00:00,329.0,329.3,328.3,328.6,8614.153
2023-03-24 02:00:00,328.6,328.8,327.1,327.2,9399.115
2023-03-24 03:00:00,327.3,327.7,327.0,327.2,6519.206
2023-03-24 04:00:00,327.2,327.6,326.2,326.4,8708.253
2023-03-24 05:00:00,326.5,326.9,325.8,325.9,17464.446
2023-03-24 06:00:00,326.0,326.2,325.1,325.3,13398.099
2023-03-24 07:00:00,325.4,325.5,324.8,324.9,11727.496
2023-03-24 08:00:00,324.8,325.1,322.4,322.9,21364.131
2023-03-24 09:00:00,322.9,324.3,321.9,322.1,15210.972
2023-03-24 10:00:00,322.2,323.4,321.6,322.9,16005.866
2023-03-24 11:00:00,322.9,323.8,322.4,323.8,4832.168
2023-03-24 12:00:00,323.8,323.8,323.8,323.8,0.0
2023-03-24 14:00:00,323.7,324.4,321.1,322.1,28542.562
2023-03-24 15:00:00,322.0,322.3,319.5,321.0,36068.185
2023-03-24 16:00:00,321.0,321.6,320.3,320.8,10893.657
2023-03-24 17:00:00,320.8,321.2,316.9,318.2,23395.34
2023-03-24 18:00:00,318.1,321.5,317.7,320.6,12646.139
2023-03-24 19:00:00,320.6,322.4,320.4,322.1,11069.911
2023-03-24 20:00:00,322.2,323.0,320.2,320.9,12591.803
2023-03-24 21:00:00,321.0,321.2,318.4,320.8,13084.723
2023-03-24 22:00:00,320.9,322.0,320.4,321.7,9432.824
2023-03-24 23:00:00,321.8,322.5,321.5,322.1,7843.939
2023-03-25 00:00:00,322.1,323.2,321.5,323.1,8156.11
2023-03-25 01:00:00,323.2,323.8,322.6,323.0,7856.094
2023-03-25 02:00:00,323.1,324.7,322.8,323.5,9673.247
2023-03-25 03:00:00,323.5,324.6,322.7,323.8,15829.961
2023-03-25 04:00:00,323.9,324.5,322.2,324.0,19470.216
2023-03-25 05:00:00,323.9,324.3,322.5,322.9,6128.405
2023-03-25 06:00:00,322.9,323.9,322.6,323.6,5147.922
2023-03-25 07:00:00,323.6,324.1,323.5,323.6,5725.12
2023-03-25 08:00:00,323.5,323.9,322.2,323.2,7344.802
2023-03-25 09:00:00,323.2,324.1,322.5,324.1,8380.375
2023-03-25 10:00:00,324.0,324.2,323.4,323.8,6659.802
2023-03-25 11:00:00,323.8,324.4,323.7,323.9,6633.475
2023-03-25 12:00:00,324.0,324.4,323.6,323.9,7435.154
2023-03-25 13:00:00,323.9,324.9,323.1,324.0,9429.058
2023-03-25 14:00:00,324.1,324.4,323.0,323.2,8591.464
2023-03-25 15:00:00,323.2,324.8,322.7,324.1,7748.588
2023-03-25 16:00:00,324.1,324.4,323.5,323.6,7642.86
2023-03-25 17:00:00,323.7,323.9,322.0,323.1,10736.004
2023-03-25 18:00:00,323.2,324.1,320.4,321.8,69837.935
2023-03-25 19:00:00,321.8,321.9,319.0,319.7,61706.137
2023-03-25 20:00:00,319.7,322.4,319.2,321.7,9873.936
2023-03-25 21:00:00,321.8,322.7,321.5,322.1,6157.159
2023-03-25 22:00:00,322.1,322.9,321.6,321.8,5800.149
2023-03-25 23:00:00,321.9,322.6,321.6,322.4,5154.359
2023-03-26 00:00:00,322.4,323.4,321.7,323.0,4362.831
2023-03-26 01:00:00,323.0,323.9,322.7,323.7,3165.743
2023-03-26 02:00:00,323.7,324.0,323.1,323.6,4507.766
2023-03-26 03:00:00,323.7,323.8,323.1,323.4,3506.875
2023-03-26 04:00:00,323.3,323.7,323.2,323.6,3221.421
2023-03-26 05:00:00,323.6,324.0,323.0,323.8,5465.88
2023-03-26 06:00:00,323.7,324.0,323.6,323.9,4772.952
2023-03-26 07:00:00,323.9,324.3,323.6,324.0,4059.647
2023-03-26 08:00:00,324.0,326.5,323.7,325.6,16872.89
2023-03-26 09:00:00,325.7,326.5,325.6,326.5,8128.348
2023-03-26 10:00:00,326.5,326.9,326.2,326.7,6342.628
2023-03-26 11:00:00,326.7,327.4,326.0,327.2,7577.806
2023-03-26 12:00:00,327.3,327.8,326.3,326.5,7795.604
2023-03-26 13:00:00,326.6,328.3,326.1,328.2,13765.148
2023-03-26 14:00:00,328.3,328.5,325.3,326.1,14819.375
2023-03-26 15:00:00,326.2,327.3,325.8,326.7,7698.529
2023-03-26 16:00:00,326.8,327.2,325.6,325.9,5644.889
2023-03-26 17:00:00,325.8,327.6,325.7,327.5,5663.368
2023-03-26 18:00:00,327.4,328.0,327.2,327.4,6111.948
2023-03-26 19:00:00,327.5,328.4,326.9,328.1,11804.428
2023-03-26 20:00:00,328.0,328.5,326.2,327.2,40155.03
2023-03-26 21:00:00,327.1,327.8,326.8,327.6,4865.596
2023-03-26 22:00:00,327.6,329.1,327.5,328.7,7718.048
2023-03-26 23:00:00,328.7,329.5,328.4,328.6,6673.443
2023-03-27 00:00:00,328.6,329.1,328.1,328.6,6750.875
2023-03-27 01:00:00,328.6,328.7,327.1,327.4,4782.947
2023-03-27 02:00:00,327.3,328.9,327.0,328.1,7104.209
2023-03-27 03:00:00,328.1,328.4,327.6,327.9,3239.827
2023-03-27 04:00:00,328.0,328.4,327.9,328.4,3119.256
2023-03-27 05:00:00,328.4,328.5,326.9,327.4,8264.208
2023-03-27 06:00:00,327.4,327.7,326.5,327.0,7842.891
2023-03-27 07:00:00,327.1,327.2,325.6,326.1,10044.438
2023-03-27 08:00:00,326.1,327.7,325.8,327.5,6372.665
2023-03-27 09:00:00,327.5,328.2,327.3,328.2,7671.196
2023-03-27 10:00:00,328.2,328.5,327.7,328.1,7256.444
2023-03-27 11:00:00,328.0,328.8,327.9,328.6,9327.534
2023-03-27 12:00:00,328.5,329.8,327.6,328.0,13461.732
2023-03-27 13:00:00,328.0,328.7,327.3,327.4,12635.786
2023-03-27 14:00:00,327.5,328.0,318.0,318.7,69030.749
2023-03-27 15:00:00,318.7,319.5,312.0,314.2,157910.068
2023-03-27 16:00:00,314.2,315.7,310.9,312.2,65634.056
2023-03-27 17:00:00,312.3,313.4,306.5,306.6,46951.582
2023-03-27 18:00:00,306.6,310.0,306.5,307.2,33496.836
2023-03-27 19:00:00,307.3,309.4,306.1,306.3,24287.425
2023-03-27 20:00:00,306.4,307.8,305.9,306.5,17862.471
2023-03-27 21:00:00,306.5,308.7,306.1,308.6,19056.864
2023-03-27 22:00:00,308.6,309.7,307.7,308.7,17478.328
2023-03-27 23:00:00,308.7,311.9,308.4,310.6,18457.168
2023-03-28 00:00:00,310.6,311.6,309.4,309.9,15272.895
2023-03-28 01:00:00,310.0,312.6,308.4,311.6,17672.174
2023-03-28 02:00:00,311.5,311.6,309.4,309.6,9722.223
2023-03-28 03:00:00,309.6,310.4,307.5,307.6,15265.051
2023-03-28 04:00:00,307.7,308.7,306.8,308.7,17836.264
2023-03-28 05:00:00,308.6,310.3,308.5,310.2,14516.056
2023-03-28 06:00:00,310.3,311.9,310.2,310.7,15178.734
2023-03-28 07:00:00,310.7,310.9,308.8,309.0,7630.058
2023-03-28 08:00:00,309.0,310.7,308.8,310.4,12433.585
2023-03-28 09:00:00,310.3,310.5,308.7,308.9,10276.44
2023-03-28 10:00:00,309.0,309.6,307.4,308.0,12144.04
2023-03-28 11:00:00,308.1,311.8,307.9,311.4,20698.455
2023-03-28 12:00:00,311.4,312.0,308.7,310.8,20764.909
2023-03-28 13:00:00,310.9,311.5,309.4,310.2,20001.763
2023-03-28 14:00:00,310.2,312.5,309.7,312.1,18455.847
2023-03-28 15:00:00,312.1,312.6,310.5,311.5,14891.324
2023-03-28 16:00:00,311.5,311.7,310.1,310.7,7360.807
2023-03-28 17:00:00,310.7,311.3,309.9,310.1,9085.14
2023-03-28 18:00:00,310.1,314.9,310.0,314.5,18807.866
2023-03-28 19:00:00,314.6,315.8,312.6,314.6,22941.898
2023-03-28 20:00:00,314.6,314.8,313.0,313.0,9381.725
2023-03-28 21:00:00,313.1,313.5,312.3,313.0,6404.595
2023-03-28 22:00:00,313.1,313.1,311.7,312.2,5799.54
2023-03-28 23:00:00,312.3,313.4,312.0,313.2,6857.035
2023-03-29 00:00:00,313.3,313.9,312.7,313.2,5747.706
2023-03-29 01:00:00,313.3,315.4,313.2,313.7,10893.888
2023-03-29 02:00:00,313.7,314.2,313.3,313.6,10968.59
2023-03-29 03:00:00,313.7,313.8,313.2,313.5,5797.691
2023-03-29 04:00:00,313.5,315.1,312.8,315.0,10685.25
2023-03-29 05:00:00,315.0,315.3,313.1,313.1,14699.268
2023-03-29 06:00:00,313.1,316.9,312.4,316.1,29926.711
2023-03-29 07:00:00,316.1,316.8,315.6,316.5,12623.35
2023-03-29 08:00:00,316.5,319.9,316.3,319.2,30619.592
2023-03-29 09:00:00,319.2,319.4,317.8,318.1,17489.067
2023-03-29 10:00:00,318.2,318.2,317.1,317.3,15800.539
2023-03-29 11:00:00,317.4,318.4,317.0,317.7,14652.829
2023-03-29 12:00:00,317.7,318.0,315.7,316.6,20068.234
2023-03-29 13:00:00,316.6,317.6,315.7,316.9,14476.015
2023-03-29 14:00:00,316.9,317.4,314.2,314.6,19565.28
2023-03-29 15:00:00,314.6,317.1,314.1,316.5,13367.817
2023-03-29 16:00:00,316.6,316.6,315.0,315.2,7343.388
2023-03-29 17:00:00,315.2,316.6,315.1,316.2,9027.534
2023-03-29 18:00:00,316.2,316.5,315.7,316.3,6027.061
2023-03-29 19:00:00,316.4,316.4,315.5,316.2,8191.782
2023-03-29 20:00:00,316.2,316.8,315.6,315.7,13471.344
2023-03-29 21:00:00,315.7,315.7,314.3,314.3,10582.999
2023-03-29 22:00:00,314.3,314.4,312.8,314.0,14009.427
2023-03-29 23:00:00,314.0,314.4,313.6,313.7,11246.864
2023-03-30 00:00:00,313.8,314.6,311.2,312.8,17180.92
2023-03-30 01:00:00,312.8,313.7,311.6,313.0,15312.841
2023-03-30 02:00:00,313.0,318.3,312.7,316.8,48966.825
2023-03-30 03:00:00,316.9,317.4,309.1,313.1,66430.589
2023-03-30 04:00:00,313.1,313.4,312.2,313.1,16940.566
2023-03-30 05:00:00,313.2,313.3,312.5,313.2,8148.353
2023-03-30 06:00:00,313.2,313.7,312.3,312.7,18619.883
2023-03-30 07:00:00,312.8,320.8,312.4,315.5,64454.329
2023-03-30 08:00:00,315.5,317.3,315.1,316.7,32384.204
2023-03-30 09:00:00,316.6,317.1,313.9,316.5,23202.354
2023-03-30 10:00:00,316.4,317.2,315.8,317.1,14736.692
2023-03-30 11:00:00,317.1,317.8,317.1,317.3,13920.848
2023-03-30 12:00:00,317.3,317.8,316.0,317.4,14751.798
2023-03-30 13:00:00,317.4,317.9,316.2,316.7,11854.901
2023-03-30 14:00:00,316.8,317.0,315.0,315.8,18093.906
2023-03-30 15:00:00,315.7,316.9,315.1,315.8,12450.748
2023-03-30 16:00:00,315.9,316.0,313.8,315.1,17443.604
2023-03-30 17:00:00,315.1,316.0,313.2,313.9,23305.206
2023-03-30 18:00:00,313.9,315.3,313.5,315.2,10875.518
2023-03-30 19:00:00,315.2,316.4,315.2,316.1,9400.428
2023-03-30 20:00:00,316.1,317.4,315.6,317.1,12212.906
2023-03-30 21:00:00,317.1,317.4,316.2,316.8,7561.275
2023-03-30 22:00:00,316.9,317.5,315.5,315.7,9349.97
2023-03-30 23:00:00,315.7,317.0,315.3,316.4,8558.074
2023-03-31 00:00:00,316.4,317.4,315.6,317.0,11344.157
2023-03-31 01:00:00,317.1,318.2,316.4,316.8,11301.797
2023-03-31 02:00:00,316.9,317.3,316.5,316.6,4962.258
2023-03-31 03:00:00,316.6,317.1,316.5,316.6,4617.031
2023-03-31 04:00:00,316.6,316.8,316.0,316.7,5553.958
2023-03-31 05:00:00,316.7,316.9,315.0,315.5,5732.322
2023-03-31 06:00:00,315.5,316.6,315.1,316.6,7567.577
2023-03-31 07:00:00,316.5,316.7,311.8,313.9,27131.527
2023-03-31 08:00:00,313.9,316.0,313.7,315.8,15666.879
2023-03-31 09:00:00,315.9,316.7,315.6,316.4,11850.837
2023-03-31 10:00:00,316.3,317.3,316.1,316.3,10060.591
2023-03-31 11:00:00,316.3,316.9,315.8,316.0,10112.915
2023-03-31 12:00:00,315.9,317.2,315.0,316.8,16046.861
2023-03-31 13:00:00,316.8,319.3,316.5,318.2,20144.788
2023-03-31 14:00:00,318.2,319.8,318.1,319.0,18386.949
2023-03-31 15:00:00,319.1,319.5,315.7,316.5,24317.135
2023-03-31 16:00:00,316.5,317.7,316.3,317.6,8014.68
2023-03-31 17:00:00,317.7,317.9,316.7,317.0,7409.68
2023-03-31 18:00:00,317.1,317.1,316.4,316.8,3896.257
2023-03-31 19:00:00,316.9,317.8,316.6,316.6,7454.247
2023-03-31 20:00:00,316.7,316.7,315.4,315.5,9289.542
2023-03-31 21:00:00,315.5,316.8,315.3,316.6,7622.176
2023-03-31 22:00:00,316.6,317.8,316.3,317.0,9531.357
2023-03-31 23:00:00,317.1,317.6,316.7,316.9,8254.543
2023-04-01 00:00:00,317.0,317.7,316.7,316.9,7505.331
2023-04-01 01:00:00,317.0,317.7,316.7,317.5,5300.901
2023-04-01 02:00:00,317.6,319.0,316.6,317.2,12379.691
2023-04-01 03:00:00,317.3,317.5,315.0,315.1,20969.035
2023-04-01 04:00:00,315.0,316.4,314.3,316.3,11848.788
2023-04-01 05:00:00,316.3,316.4,315.5,316.0,5415.618
2023-04-01 06:00:00,315.9,316.0,313.9,315.0,12205.82
2023-04-01 07:00:00,315.0,315.4,314.1,314.2,9887.481
2023-04-01 08:00:00,314.3,315.1,314.2,314.7,8200.449
2023-04-01 09:00:00,314.7,315.2,314.5,315.0,5128.672
2023-04-01 10:00:00,315.1,315.1,314.6,314.9,4988.376
2023-04-01 11:00:00,314.9,314.9,314.2,314.4,5578.885
2023-04-01 12:00:00,314.4,314.6,313.6,314.4,5605.951
2023-04-01 13:00:00,314.5,314.9,314.3,314.7,5618.106
2023-04-01 14:00:00,314.8,314.9,313.6,313.7,8495.258
2023-04-01 15:00:00,313.7,314.4,313.5,313.7,9720.49
2023-04-01 16:00:00,313.7,314.2,313.0,313.6,10041.052
2023-04-01 17:00:00,313.6,315.0,313.5,314.7,7382.656
2023-04-01 18:00:00,314.8,314.9,314.2,314.8,3872.231
2023-04-01 19:00:00,314.9,315.0,314.1,314.4,4145.041
2023-04-01 20:00:00,314.5,315.5,314.3,314.4,5992.063
2023-04-01 21:00:00,314.5,315.3,314.4,315.1,4962.453
2023-04-01 22:00:00,315.1,315.7,314.7,315.3,5104.156
2023-04-01 23:00:00,315.4,315.5,314.5,314.9,5555.679
2023-04-02 00:00:00,314.9,315.3,314.1,314.2,4346.135
2023-04-02 01:00:00,314.3,314.9,314.1,314.1,3778.721
2023-04-02 02:00:00,314.2,315.3,314.0,315.1,4804.729
2023-04-02 03:00:00,315.2,315.8,315.0,315.7,3843.133
2023-04-02 04:00:00,315.7,315.9,315.5,315.5,4291.854
2023-04-02 05:00:00,315.6,316.2,315.4,316.0,5224.146
2023-04-02 06:00:00,316.0,316.1,315.6,316.1,2886.716
2023-04-02 07:00:00,316.1,316.1,315.2,315.3,4829.798
2023-04-02 08:00:00,315.3,315.4,314.4,314.9,5376.965
2023-04-02 09:00:00,314.9,315.5,314.7,315.1,4785.784
2023-04-02 10:00:00,315.2,315.2,314.8,314.9,3159.888
2023-04-02 11:00:00,314.9,315.0,314.6,314.8,3221.191
2023-04-02 12:00:00,314.9,315.0,314.2,314.5,7148.823
2023-04-02 13:00:00,314.4,314.6,313.5,314.0,7675.52
2023-04-02 14:00:00,314.1,314.5,313.6,313.8,5915.102
2023-04-02 15:00:00,313.8,313.9,312.0,313.2,22500.822
2023-04-02 16:00:00,313.3,313.7,311.9,313.1,9660.106
2023-04-02 17:00:00,313.1,314.1,313.1,313.7,5293.028
2023-04-02 18:00:00,313.8,313.9,312.7,312.8,5649.203
2023-04-02 19:00:00,312.8,313.1,310.7,311.7,12062.262
2023-04-02 20:00:00,311.6,313.1,311.3,313.0,8326.54
2023-04-02 21:00:00,312.9,313.5,312.5,312.9,3876.205
2023-04-02 22:00:00,312.8,313.1,311.3,312.9,6966.818
2023-04-02 23:00:00,313.0,314.0,312.7,313.7,4182.178
2023-04-03 00:00:00,313.8,314.1,312.9,313.5,5541.444
2023-04-03 01:00:00,313.4,313.9,309.8,310.4,15645.618
2023-04-03 02:00:00,310.4,310.4,309.2,309.8,13234.724
2023-04-03 03:00:00,309.8,309.9,309.3,309.7,6434.508
2023-04-03 04:00:00,309.7,309.8,309.3,309.8,4638.948
2023-04-03 05:00:00,309.8,309.9,308.8,309.1,6536.974
2023-04-03 06:00:00,309.2,309.9,308.7,309.9,6642.084
2023-04-03 07:00:00,309.9,311.1,309.7,310.9,12252.961
2023-04-03 08:00:00,311.0,313.8,310.9,313.4,17343.988
2023-04-03 09:00:00,313.4,313.9,313.0,313.0,9150.336
2023-04-03 10:00:00,313.1,313.3,312.3,312.4,10830.13
2023-04-03 11:00:00,312.4,312.5,311.8,312.0,7338.456
2023-04-03 12:00:00,312.1,312.7,311.1,312.2,10572.233
2023-04-03 13:00:00,312.2,312.9,311.6,311.9,14572.206
2023-04-03 14:00:00,311.9,312.3,309.3,309.5,15815.768
2023-04-03 15:00:00,309.6,311.0,309.0,310.5,12151.941
2023-04-03 16:00:00,310.5,310.7,308.6,308.6,13445.213
2023-04-03 17:00:00,308.7,310.2,308.3,309.5,17723.945
2023-04-03 18:00:00,309.5,312.1,308.6,311.7,23658.456
2023-04-03 19:00:00,311.7,312.4,311.1,311.8,17730.647
2023-04-03 20:00:00,311.7,311.8,300.7,302.0,116031.834
2023-04-03 21:00:00,302.0,308.5,299.5,305.8,54672.954
2023-04-03 22:00:00,305.9,308.9,305.2,307.3,22165.545
2023-04-03 23:00:00,307.4,309.6,307.3,308.8,16846.06
2023-04-04 00:00:00,308.8,310.5,308.2,308.9,20294.405
2023-04-04 01:00:00,308.9,310.4,308.2,308.3,12632.777
2023-04-04 02:00:00,308.4,310.0,308.2,309.3,9810.207
2023-04-04 03:00:00,309.3,310.2,309.2,309.7,9714.862
2023-04-04 04:00:00,309.7,310.0,309.2,309.4,7290.687
2023-04-04 05:00:00,309.5,310.0,309.1,309.8,9101.129
2023-04-04 06:00:00,309.7,311.1,309.2,310.3,11817.003
2023-04-04 07:00:00,310.4,311.1,309.7,309.8,9327.612
2023-04-04 08:00:00,309.8,310.8,309.6,310.2,12662.883
2023-04-04 09:00:00,310.2,310.9,309.9,310.7,9085.512
2023-04-04 10:00:00,310.7,311.1,309.8,309.8,14563.286
2023-04-04 11:00:00,309.9,311.9,309.5,311.1,44734.675
2023-04-04 12:00:00,311.1,312.7,310.8,311.3,20148.088
2023-04-04 13:00:00,311.3,312.6,310.7,310.9,19118.854
2023-04-04 14:00:00,310.9,312.2,310.7,311.2,21492.566
2023-04-04 15:00:00,311.2,311.5,310.4,311.2,15767.84
2023-04-04 16:00:00,311.2,311.3,310.5,310.7,8927.177
2023-04-04 17:00:00,310.7,311.3,310.7,311.1,5391.933
2023-04-04 18:00:00,311.2,311.4,310.6,310.8,5771.639
2023-04-04 19:00:00,310.8,311.5,310.7,311.4,7747.273
2023-04-04 20:00:00,311.4,311.8,310.8,311.6,10343.833
2023-04-04 21:00:00,311.5,311.6,310.9,311.2,8205.718
2023-04-04 22:00:00,311.3,311.5,310.8,311.0,5552.294
2023-04-04 23:00:00,311.0,311.2,310.5,310.8,6478.222
2023-04-05 00:00:00,310.8,313.9,310.2,313.4,29123.657
2023-04-05 01:00:00,313.5,314.1,312.7,313.4,16502.987
2023-04-05 02:00:00,313.5,314.6,313.0,313.4,9080.684
2023-04-05 03:00:00,313.4,314.9,313.2,314.6,18043.173
2023-04-05 04:00:00,314.6,314.8,313.9,314.0,6115.056
2023-04-05 05:00:00,314.1,315.7,313.8,315.5,13294.177
2023-04-05 06:00:00,315.5,315.9,315.0,315.4,12456.183
2023-04-05 07:00:00,315.4,315.5,314.5,314.7,9970.289
2023-04-05 08:00:00,314.6,314.9,313.9,314.8,9478.222
2023-04-05 09:00:00,314.9,315.0,314.0,314.9,9879.129
2023-04-05 10:00:00,314.9,315.0,314.7,315.0,6073.192
2023-04-05 11:00:00,315.0,315.7,314.7,315.7,13907.872
2023-04-05 12:00:00,315.7,316.8,314.5,316.0,37762.984
2023-04-05 13:00:00,315.9,316.2,314.6,315.1,22044.641
2023-04-05 14:00:00,315.1,315.6,312.6,312.6,24089.594
2023-04-05 15:00:00,312.6,312.6,310.7,312.2,21716.868
2023-04-05 16:00:00,312.2,312.4,311.2,311.7,14790.512
2023-04-05 17:00:00,311.7,312.5,311.6,312.2,6001.45
2023-04-05 18:00:00,312.2,312.4,311.7,312.3,5746.465
2023-04-05 19:00:00,312.2,314.0,311.9,313.8,10193.85
2023-04-05 20:00:00,313.8,314.5,313.5,313.9,7907.977
2023-04-05 21:00:00,313.9,314.6,313.8,314.5,6144.4
2023-04-05 22:00:00,314.5,314.8,314.2,314.6,5197.811
2023-04-05 23:00:00,314.6,314.6,313.9,313.9,4829.19
2023-04-06 00:00:00,314.0,314.0,312.1,312.5,11205.86
2023-04-06 01:00:00,312.5,313.0,311.3,312.5,12808.612
2023-04-06 02:00:00,312.6,313.1,312.3,312.5,7952.385
2023-04-06 03:00:00,312.6,315.2,312.3,314.0,19056.881
2023-04-06 04:00:00,314.0,314.6,313.8,314.3,7294.529
2023-04-06 05:00:00,314.3,314.4,313.0,313.6,9198.374
2023-04-06 06:00:00,313.6,314.0,313.2,313.9,5740.201
2023-04-06 07:00:00,313.9,314.1,311.7,312.1,15061.455
2023-04-06 08:00:00,312.2,312.8,311.5,312.7,12641.482
2023-04-06 09:00:00,312.7,312.8,311.7,311.7,9505.302
2023-04-06 10:00:00,311.8,311.9,310.6,311.4,19162.053
2023-04-06 11:00:00,311.4,312.1,311.2,312.1,8418.779
2023-04-06 12:00:00,312.1,312.6,311.6,311.9,12548.344
2023-04-06 13:00:00,312.0,312.6,311.4,312.4,16554.796
2023-04-06 14:00:00,312.4,312.7,312.0,312.4,10755.494
2023-04-06 15:00:00,312.5,313.3,312.2,313.0,11732.86
2023-04-06 16:00:00,313.0,313.5,312.6,312.8,7520.847
2023-04-06 17:00:00,312.8,313.0,312.5,312.8,4744.282
2023-04-06 18:00:00,312.7,313.1,312.3,312.3,6404.653
2023-04-06 19:00:00,312.4,313.0,312.3,312.7,3914.461
2023-04-06 20:00:00,312.7,313.0,312.0,312.2,6972.799
2023-04-06 21:00:00,312.3,312.8,312.1,312.2,5207.862
2023-04-06 22:00:00,312.3,312.7,312.0,312.4,4126.452
2023-04-06 23:00:00,312.5,312.6,312.0,312.3,4118.384
2023-04-07 00:00:00,312.3,312.8,311.9,312.7,8803.171
2023-04-07 01:00:00,312.7,312.8,312.0,312.0,5710.344
2023-04-07 02:00:00,312.0,312.1,311.0,311.6,12593.802
2023-04-07 03:00:00,311.6,311.9,311.3,311.8,4681.566
2023-04-07 04:00:00,311.9,312.0,311.2,311.4,8007.57
2023-04-07 05:00:00,311.4,311.8,311.0,311.7,7474.996
2023-04-07 06:00:00,311.7,311.8,310.9,311.3,7403.897
2023-04-07 07:00:00,311.4,311.5,309.7,310.3,17034.285
2023-04-07 08:00:00,310.2,310.7,309.7,310.2,10684.542
2023-04-07 09:00:00,310.2,310.6,309.8,310.4,6324.383
2023-04-07 10:00:00,310.5,310.8,310.2,310.8,7912.979
2023-04-07 11:00:00,310.8,310.8,309.7,310.5,6719.427
2023-04-07 12:00:00,310.5,311.0,309.8,310.4,17246.032
2023-04-07 13:00:00,310.5,310.8,310.0,310.6,8751.202
2023-04-07 14:00:00,310.6,311.1,310.5,310.7,6489.066
2023-04-07 15:00:00,310.7,311.3,310.6,311.0,4590.464
2023-04-07 16:00:00,311.1,311.8,310.4,310.5,5091.041
2023-04-07 17:00:00,310.6,311.3,310.5,311.2,3953.416
2023-04-07 18:00:00,311.2,311.3,310.8,311.0,3582.599
2023-04-07 19:00:00,311.0,311.2,310.6,310.7,4465.895
2023-04-07 20:00:00,310.8,310.9,310.6,310.8,2700.654
2023-04-07 21:00:00,310.8,311.2,310.6,310.6,2858.806
2023-04-07 22:00:00,310.6,311.5,310.6,310.9,4630.004
2023-04-07 23:00:00,311.0,311.1,310.1,310.3,12153.221
2023-04-08 00:00:00,310.4,310.8,310.1,310.7,8660.104
2023-04-08 01:00:00,310.7,311.0,310.5,310.8,4512.341
2023-04-08 02:00:00,310.8,311.3,310.6,311.2,5670.158
2023-04-08 03:00:00,311.2,311.9,311.1,311.7,7642.61
2023-04-08 04:00:00,311.7,311.9,311.4,311.6,2943.562
2023-04-08 05:00:00,311.6,312.4,311.5,312.2,5735.043
2023-04-08 06:00:00,312.3,312.4,311.9,312.1,6347.684
2023-04-08 07:00:00,312.0,312.2,311.8,312.0,4865.142
2023-04-08 08:00:00,312.0,312.3,311.6,311.8,5962.89
2023-04-08 09:00:00,311.8,312.3,311.6,311.8,9588.3
2023-04-08 10:00:00,311.7,312.2,311.7,312.2,5215.031
2023-04-08 11:00:00,312.2,312.4,311.7,311.7,6535.03
2023-04-08 12:00:00,311.8,311.9,311.4,311.6,7709.674
2023-04-08 13:00:00,311.6,311.7,311.4,311.7,5520.294
2023-04-08 14:00:00,311.7,312.3,311.6,312.1,9641.841
2023-04-08 15:00:00,312.2,312.3,312.0,312.2,5010.212
2023-04-08 16:00:00,312.3,312.6,312.1,312.6,8912.921
2023-04-08 17:00:00,312.6,312.7,311.6,312.1,9247.808
2023-04-08 18:00:00,312.1,312.1,310.3,310.9,14225.143
2023-04-08 19:00:00,310.9,311.0,310.1,310.7,7141.987
2023-04-08 20:00:00,310.8,311.1,310.6,310.6,3848.979
2023-04-08 21:00:00,310.7,311.0,310.5,310.7,4979.806
2023-04-08 22:00:00,310.8,311.1,310.1,310.6,10888.883
2023-04-08 23:00:00,310.7,310.9,310.3,310.5,4567.501
2023-04-09 00:00:00,310.6,311.2,310.4,311.1,6291.667
2023-04-09 01:00:00,311.0,311.5,311.0,311.4,5081.206
2023-04-09 02:00:00,311.4,312.0,311.1,311.2,4210.977
2023-04-09 03:00:00,311.2,311.6,311.0,311.2,3329.606
2023-04-09 04:00:00,311.3,311.4,311.0,311.2,4243.051
2023-04-09 05:00:00,311.1,311.4,310.9,311.0,3792.996
2023-04-09 06:00:00,311.0,311.0,309.8,309.9,16345.447
2023-04-09 07:00:00,310.0,310.2,309.6,309.9,7042.511
2023-04-09 08:00:00,309.9,310.2,309.5,310.0,6573.262
2023-04-09 09:00:00,310.1,310.3,309.8,309.9,5549.838
2023-04-09 10:00:00,310.0,310.3,309.8,310.1,4090.956
2023-04-09 11:00:00,310.1,310.4,310.0,310.4,5930.308
2023-04-09 12:00:00,310.3,311.1,310.2,310.9,12710.07
2023-04-09 13:00:00,310.9,311.0,310.2,310.7,7560.903
2023-04-09 14:00:00,310.8,310.9,309.9,310.4,9449.916
2023-04-09 15:00:00,310.4,310.7,310.3,310.4,4616.169
2023-04-09 16:00:00,310.5,310.9,310.4,310.5,4814.148
2023-04-09 17:00:00,310.4,310.8,310.1,310.7,5483.791
2023-04-09 18:00:00,310.6,311.8,310.6,311.4,10232.784
2023-04-09 19:00:00,311.5,312.4,311.3,311.9,9889.021
2023-04-09 20:00:00,312.0,312.1,311.8,312.1,3586.3
2023-04-09 21:00:00,312.1,312.6,311.9,312.5,8716.228
2023-04-09 22:00:00,312.5,313.7,312.4,313.1,9540.352
2023-04-09 23:00:00,313.1,313.3,312.6,312.8,4867.218
2023-04-10 00:00:00,312.8,312.9,312.2,312.4,6837.63
2023-04-10 01:00:00,312.5,312.6,311.9,312.5,8521.912
2023-04-10 02:00:00,312.5,312.6,312.0,312.4,7886.37
2023-04-10 03:00:00,312.4,312.9,312.3,312.9,5714.889
2023-04-10 04:00:00,312.8,313.2,312.5,312.6,7727.663
2023-04-10 05:00:00,312.7,313.2,312.4,312.7,8565.677
2023-04-10 06:00:00,312.8,312.9,312.5,312.7,5745.736
2023-04-10 07:00:00,312.7,313.0,312.6,312.9,5885.442
2023-04-10 08:00:00,312.8,313.3,312.8,312.9,5958.522
2023-04-10 09:00:00,312.8,313.0,312.7,312.9,4624.064
2023-04-10 10:00:00,313.0,313.1,312.8,313.0,5742.107
2023-04-10 11:00:00,313.0,313.1,312.5,312.7,5118.458
2023-04-10 12:00:00,312.7,312.7,312.2,312.3,7192.079
2023-04-10 13:00:00,312.3,312.4,311.7,311.8,11319.344
2023-04-10 14:00:00,311.9,312.3,311.5,311.8,10468.896
2023-04-10 15:00:00,311.7,312.6,311.7,312.2,13883.268
2023-04-10 16:00:00,312.2,314.4,311.9,314.2,20503.409
2023-04-10 17:00:00,314.2,315.2,314.0,314.1,28490.003
2023-04-10 18:00:00,314.1,314.3,313.8,314.1,12773.192
2023-04-10 19:00:00,314.1,314.3,313.4,313.9,10453.972
2023-04-10 20:00:00,313.9,314.2,313.0,313.0,12318.249
2023-04-10 21:00:00,313.1,313.7,313.0,313.4,7618.013
2023-04-10 22:00:00,313.5,315.8,313.4,315.5,23119.118
2023-04-10 23:00:00,315.6,318.7,315.5,318.5,35071.227
2023-04-11 00:00:00,318.6,318.8,317.8,318.8,19714.971
2023-04-11 01:00:00,318.8,322.8,318.5,322.1,56412.085
2023-04-11 02:00:00,322.0,323.4,321.1,321.4,30280.708
2023-04-11 03:00:00,321.4,327.9,321.2,327.4,69271.906
2023-04-11 04:00:00,327.4,327.7,326.1,327.3,32383.768
2023-04-11 05:00:00,327.2,327.5,325.7,326.7,29359.573
2023-04-11 06:00:00,326.6,332.9,326.5,332.4,88471.105
2023-04-11 07:00:00,332.4,333.0,331.1,331.5,30508.143
2023-04-11 08:00:00,331.5,331.8,329.2,329.8,33830.382
2023-04-11 09:00:00,329.9,330.0,329.1,329.9,16465.756
2023-04-11 10:00:00,329.9,330.7,329.6,330.3,15278.615
2023-04-11 11:00:00,330.4,330.4,329.1,329.4,15772.306
2023-04-11 12:00:00,329.5,329.8,328.2,329.1,21254.847
2023-04-11 13:00:00,329.0,330.5,328.5,330.5,22173.213
2023-04-11 14:00:00,330.5,331.1,329.1,329.8,23776.179
2023-04-11 15:00:00,329.8,329.9,328.7,329.0,17660.158
2023-04-11 16:00:00,329.1,329.2,324.0,325.7,34230.442
2023-04-11 17:00:00,325.7,326.7,324.7,326.7,15019.702
2023-04-11 18:00:00,326.7,326.9,325.9,326.0,10131.104
2023-04-11 19:00:00,326.1,327.2,324.7,325.0,19792.793
2023-04-11 20:00:00,325.0,325.2,324.1,325.1,14235.826
2023-04-11 21:00:00,325.1,325.5,324.4,324.6,9179.971
2023-04-11 22:00:00,324.6,324.8,324.1,324.3,7594.782
2023-04-11 23:00:00,324.3,324.3,321.9,322.3,28319.337
2023-04-12 00:00:00,322.3,323.3,322.0,322.4,13903.189
2023-04-12 01:00:00,322.5,322.6,319.7,320.7,23396.883
2023-04-12 02:00:00,320.8,320.8,317.0,317.5,37164.037
2023-04-12 03:00:00,317.6,317.6,316.7,317.3,21894.244
2023-04-12 04:00:00,317.3,319.0,317.1,318.9,15347.121
2023-04-12 05:00:00,319.0,319.1,317.9,318.5,11785.824
2023-04-12 06:00:00,318.5,319.0,317.8,318.8,13824.767
2023-04-12 07:00:00,318.8,319.7,318.7,319.1,10375.204
2023-04-12 08:00:00,319.1,319.2,318.2,318.3,11396.666
2023-04-12 09:00:00,318.4,318.7,318.2,318.7,6744.607
2023-04-12 10:00:00,318.6,319.1,318.6,319.0,6542.959
2023-04-12 11:00:00,319.1,319.2,317.8,318.1,11079.724
2023-04-12 12:00:00,318.2,321.3,317.8,319.5,28057.368
2023-04-12 13:00:00,319.6,321.3,319.0,319.3,21158.148
2023-04-12 14:00:00,319.4,321.8,319.3,320.6,23057.028
2023-04-12 15:00:00,320.6,321.0,317.7,319.4,27221.627
2023-04-12 16:00:00,319.4,319.8,319.0,319.1,8418.205
2023-04-12 17:00:00,319.1,320.3,319.0,320.0,8721.759
2023-04-12 18:00:00,320.1,320.5,318.6,318.8,12638.252
2023-04-12 19:00:00,318.8,319.1,318.0,318.8,8912.459
2023-04-12 20:00:00,318.8,319.3,318.7,319.3,5048.041
2023-04-12 21:00:00,319.2,320.2,319.1,319.9,9806.742
2023-04-12 22:00:00,319.9,320.2,319.3,319.4,7879.169
2023-04-12 23:00:00,319.5,320.5,319.5,319.9,9842.701
2023-04-13 00:00:00,319.9,320.3,319.5,319.6,8312.069
2023-04-13 01:00:00,319.6,319.8,318.6,319.4,13794.19
2023-04-13 02:00:00,319.4,320.1,318.8,319.7,7411.663
2023-04-13 03:00:00,319.8,320.1,319.7,319.7,5457.215
2023-04-13 04:00:00,319.8,320.1,319.3,319.5,6693.189
2023-04-13 05:00:00,319.5,319.5,318.1,318.6,18479.97
2023-04-13 06:00:00,318.7,318.9,317.7,317.9,8013.686
2023-04-13 07:00:00,317.9,319.3,317.8,319.3,11284.708
2023-04-13 08:00:00,319.3,322.0,319.2,321.7,34172.94
2023-04-13 09:00:00,321.7,323.4,321.4,322.4,31456.335
2023-04-13 10:00:00,322.5,324.0,321.9,324.0,16360.142
2023-04-13 11:00:00,323.9,324.8,323.6,323.7,17276.095
2023-04-13 12:00:00,323.7,324.8,323.5,324.8,19062.353
2023-04-13 13:00:00,324.8,324.8,321.6,322.3,44689.186
2023-04-13 14:00:00,322.4,324.0,322.2,323.8,22669.378
2023-04-13 15:00:00,323.9,324.3,323.2,323.5,14420.159
2023-04-13 16:00:00,323.6,323.6,323.0,323.5,8271.864
2023-04-13 17:00:00,323.5,324.5,323.4,324.2,11055.932
2023-04-13 18:00:00,324.2,324.7,323.8,324.1,7035.226
2023-04-13 19:00:00,324.0,324.6,323.8,324.5,10643.821
2023-04-13 20:00:00,324.5,324.6,323.5,323.7,7308.396
2023-04-13 21:00:00,323.8,325.1,323.7,324.6,10466.679
2023-04-13 22:00:00,324.6,324.8,323.7,324.3,8536.642
2023-04-13 23:00:00,324.3,324.7,324.0,324.7,5280.107
2023-04-14 00:00:00,324.6,328.9,324.0,328.8,45048.042
2023-04-14 01:00:00,328.8,331.9,328.8,330.7,48898.52
2023-04-14 02:00:00,330.7,332.4,328.8,329.0,58508.945
2023-04-14 03:00:00,329.0,331.4,328.6,331.4,25984.752
2023-04-14 04:00:00,331.4,334.3,331.3,334.3,35221.161
2023-04-14 05:00:00,334.3,334.8,332.8,334.7,31771.323
2023-04-14 06:00:00,334.7,335.5,333.8,334.1,30310.687
2023-04-14 07:00:00,334.1,335.4,333.1,333.9,48050.591
2023-04-14 08:00:00,333.9,334.3,332.1,333.0,41693.908
2023-04-14 09:00:00,333.0,333.1,332.2,332.6,18214.994
2023-04-14 10:00:00,332.7,333.6,332.0,332.3,21471.877
2023-04-14 11:00:00,332.3,333.5,332.1,333.3,15835.171
2023-04-14 12:00:00,333.2,334.4,331.5,331.7,31343.78
2023-04-14 13:00:00,331.7,333.2,330.4,330.5,29803.074
2023-04-14 14:00:00,330.5,331.2,328.1,329.2,31002.111
2023-04-14 15:00:00,329.2,329.2,325.1,325.8,43249.137
2023-04-14 16:00:00,325.9,325.9,323.2,324.9,36934.37
2023-04-14 17:00:00,325.0,327.5,324.6,327.3,18051.937
2023-04-14 18:00:00,327.3,328.7,327.0,327.2,15371.061
2023-04-14 19:00:00,327.3,329.1,326.9,329.0,9904.277
2023-04-14 20:00:00,329.1,330.2,328.4,329.1,16555.601
2023-04-14 21:00:00,329.2,329.3,328.2,328.7,9312.274
2023-04-14 22:00:00,328.7,329.7,328.2,329.5,6581.321
2023-04-14 23:00:00,329.5,330.0,328.3,328.9,10836.147
2023-04-15 00:00:00,328.8,329.7,327.7,328.2,19358.027
2023-04-15 01:00:00,328.2,328.3,326.9,327.9,20675.375
2023-04-15 02:00:00,327.9,328.9,327.8,328.7,7888.304
2023-04-15 03:00:00,328.6,329.3,328.5,328.8,7517.424
2023-04-15 04:00:00,328.8,329.0,328.1,328.9,7122.311
2023-04-15 05:00:00,328.9,330.2,328.8,329.5,14223.728
2023-04-15 06:00:00,329.4,329.6,328.6,329.2,10318.954
2023-04-15 07:00:00,329.2,330.9,329.0,330.6,17254.077
2023-04-15 08:00:00,330.6,331.4,330.5,331.0,14921.398
2023-04-15 09:00:00,331.0,334.3,330.9,333.9,24610.879
2023-04-15 10:00:00,334.0,334.6,332.5,333.7,22506.543
2023-04-15 11:00:00,333.8,334.2,332.0,333.5,17283.42
2023-04-15 12:00:00,333.4,333.7,332.6,333.0,14150.145
2023-04-15 13:00:00,333.1,334.1,331.0,331.8,26034.989
2023-04-15 14:00:00,331.9,336.0,331.4,334.4,50719.503
2023-04-15 15:00:00,334.5,336.0,333.8,334.2,38778.241
2023-04-15 16:00:00,334.1,334.2,332.6,333.4,27474.046
2023-04-15 17:00:00,333.3,333.6,331.7,332.3,21011.137
2023-04-15 18:00:00,332.2,332.8,331.9,332.5,7417.456
2023-04-15 19:00:00,332.5,332.5,331.3,332.5,12110.392
2023-04-15 20:00:00,332.5,332.9,332.0,332.0,9221.019
2023-04-15 21:00:00,332.1,332.8,331.8,332.2,5952.095
2023-04-15 22:00:00,332.2,333.9,331.8,333.8,8938.929
2023-04-15 23:00:00,333.8,334.7,333.0,333.0,12822.751
2023-04-16 00:00:00,333.1,333.9,332.3,332.4,12776.131
2023-04-16 01:00:00,332.5,332.5,330.1,332.2,22830.76
2023-04-16 02:00:00,332.2,332.6,332.0,332.4,5663.673
2023-04-16 03:00:00,332.4,332.7,331.8,332.1,6830.17
2023-04-16 04:00:00,332.2,333.1,331.9,333.1,9067.344
2023-04-16 05:00:00,333.1,333.6,332.9,333.5,7017.854
2023-04-16 06:00:00,333.6,334.0,332.8,333.0,7426.548
2023-04-16 07:00:00,333.1,334.2,333.0,333.7,7458.738
2023-04-16 08:00:00,333.8,334.8,333.3,334.3,11130.984
2023-04-16 09:00:00,334.3,334.7,332.7,332.9,12259.492
2023-04-16 10:00:00,332.9,334.5,332.7,334.4,13081.127
2023-04-16 11:00:00,334.5,336.0,333.6,334.5,25814.545
2023-04-16 12:00:00,334.5,339.9,334.4,339.5,66548.454
2023-04-16 13:00:00,339.5,344.3,339.5,341.9,103331.137
2023-04-16 14:00:00,341.8,347.7,341.8,346.5,72086.495
2023-04-16 15:00:00,346.5,347.8,344.3,345.8,50730.345
2023-04-16 16:00:00,345.9,347.4,345.1,346.0,33537.931
2023-04-16 17:00:00,346.0,350.0,346.0,348.6,46903.24
2023-04-16 18:00:00,348.7,349.7,347.8,349.6,17003.809
2023-04-16 19:00:00,349.6,349.8,347.3,347.6,23747.285
2023-04-16 20:00:00,347.6,349.5,345.9,348.4,30021.833
2023-04-16 21:00:00,348.5,349.5,347.9,349.1,12679.848
2023-04-16 22:00:00,349.2,349.9,348.9,349.7,13317.217
2023-04-16 23:00:00,349.7,349.8,346.9,347.7,21333.817
2023-04-17 00:00:00,347.7,348.2,342.2,343.3,55253.806
2023-04-17 01:00:00,343.3,346.2,342.3,345.1,36253.153
2023-04-17 02:00:00,345.2,350.0,345.1,349.4,50421.188
2023-04-17 03:00:00,349.4,349.7,348.1,348.7,12815.02
2023-04-17 04:00:00,348.7,348.9,346.0,347.1,21353.513
2023-04-17 05:00:00,347.0,347.6,345.9,347.6,15100.779
2023-04-17 06:00:00,347.6,348.5,346.4,346.5,18023.341
2023-04-17 07:00:00,346.5,348.1,343.4,344.7,43197.203
2023-04-17 08:00:00,344.7,345.8,344.0,345.2,24065.059
2023-04-17 09:00:00,345.3,345.3,342.1,342.7,25652.971
2023-04-17 10:00:00,342.8,342.8,341.1,342.8,20517.556
2023-04-17 11:00:00,342.8,343.2,339.1,342.0,35754.652
2023-04-17 12:00:00,342.0,343.0,340.7,342.6,27224.778
2023-04-17 13:00:00,342.6,342.7,340.1,342.1,25528.507
2023-04-17 14:00:00,342.1,342.6,338.1,339.9,40572.154
2023-04-17 15:00:00,339.9,340.8,337.5,338.9,22826.469
2023-04-17 16:00:00,338.8,340.1,338.2,339.9,17980.756
2023-04-17 17:00:00,339.9,340.6,339.6,340.3,9467.898
2023-04-17 18:00:00,340.3,341.7,340.2,341.5,8720.126
2023-04-17 19:00:00,341.4,342.7,341.1,341.8,10805.408
2023-04-17 20:00:00,341.9,342.5,341.3,341.3,7880.072
2023-04-17 21:00:00,341.3,341.5,339.5,339.6,12354.363
2023-04-17 22:00:00,339.6,341.0,339.5,340.7,7513.009
2023-04-17 23:00:00,340.8,341.0,339.4,340.0,7074.687
2023-04-18 00:00:00,340.0,340.4,339.1,339.2,8815.713
2023-04-18 01:00:00,339.2,340.0,337.0,339.7,25555.18
2023-04-18 02:00:00,339.8,340.8,338.8,340.3,18509.769
2023-04-18 03:00:00,340.3,340.6,339.6,339.9,15825.76
2023-04-18 04:00:00,339.9,341.0,339.5,340.9,8823.986
2023-04-18 05:00:00,341.0,345.0,340.8,344.2,39669.262
2023-04-18 06:00:00,344.2,345.9,344.1,345.7,20759.947
2023-04-18 07:00:00,345.7,345.8,344.3,344.4,17856.101
2023-04-18 08:00:00,344.5,345.3,343.2,343.4,15928.149
2023-04-18 09:00:00,343.5,344.5,342.8,344.2,22494.149
2023-04-18 10:00:00,344.2,344.4,343.4,343.6,11184.515
2023-04-18 11:00:00,343.6,346.5,343.5,346.0,20412.318
2023-04-18 12:00:00,346.1,346.7,343.5,344.2,27694.458
2023-04-18 13:00:00,344.1,345.0,344.0,344.6,11839.611
2023-04-18 14:00:00,344.7,344.7,341.8,343.2,26889.221
2023-04-18 15:00:00,343.3,343.8,342.1,342.6,13514.178
2023-04-18 16:00:00,342.6,343.0,342.1,342.8,9136.986
2023-04-18 17:00:00,342.7,343.0,340.5,340.7,21884.091
2023-04-18 18:00:00,340.7,342.3,340.2,341.5,14616.484
2023-04-18 19:00:00,341.6,341.7,340.7,341.4,9758.314
2023-04-18 20:00:00,341.4,343.1,340.7,342.8,9990.688
2023-04-18 21:00:00,342.8,342.9,341.7,342.4,6898.802
2023-04-18 22:00:00,342.3,342.9,341.9,342.9,5634.825
2023-04-18 23:00:00,342.8,343.5,342.4,343.1,7984.93
2023-04-19 00:00:00,343.1,343.5,342.2,343.0,9838.69
2023-04-19 01:00:00,343.0,343.7,341.6,341.9,12054.725
2023-04-19 02:00:00,341.9,342.3,341.4,341.6,7946.501
2023-04-19 03:00:00,341.6,342.1,341.0,341.4,8251.083
2023-04-19 04:00:00,341.5,341.5,340.0,340.3,12603.122
2023-04-19 05:00:00,340.2,341.5,340.1,341.4,7733.352
2023-04-19 06:00:00,341.4,341.4,335.2,336.1,36639.8
2023-04-19 07:00:00,336.0,338.0,335.0,336.8,19816.354
2023-04-19 08:00:00,336.9,336.9,325.1,327.7,138882.671
2023-04-19 09:00:00,327.7,328.9,326.3,328.4,30517.431
2023-04-19 10:00:00,328.4,328.5,326.0,327.6,24611.685
2023-04-19 11:00:00,327.7,327.8,325.0,326.9,28827.247
2023-04-19 12:00:00,326.9,326.9,325.4,326.3,14610.039
2023-04-19 13:00:00,326.3,327.4,325.5,327.4,11657.171
2023-04-19 14:00:00,327.4,330.1,327.3,328.8,22490.87
2023-04-19 15:00:00,328.8,329.2,326.3,326.7,22252.599
2023-04-19 16:00:00,326.7,328.3,326.5,327.6,14249.531
2023-04-19 17:00:00,327.6,327.6,325.0,326.4,20137.576
2023-04-19 18:00:00,326.4,327.2,325.0,325.7,11505.286
2023-04-19 19:00:00,325.7,326.0,324.6,325.2,8523.337
2023-04-19 20:00:00,325.2,326.0,324.3,325.5,8774.842
2023-04-19 21:00:00,325.6,325.6,321.5,324.7,29808.058
2023-04-19 22:00:00,324.8,325.3,323.6,324.7,7653.204
2023-04-19 23:00:00,324.7,325.0,320.1,322.4,28058.908
2023-04-20 00:00:00,322.5,325.2,322.1,324.9,19136.496
2023-04-20 01:00:00,325.0,325.9,324.0,324.9,15554.796
2023-04-20 02:00:00,324.9,325.1,322.7,322.9,8666.512
2023-04-20 03:00:00,322.9,324.1,321.0,324.1,16810.206
2023-04-20 04:00:00,324.1,325.6,324.1,324.9,8182.194
2023-04-20 05:00:00,325.0,325.8,324.2,325.0,8771.364
2023-04-20 06:00:00,325.0,326.5,325.0,325.8,9778.485
2023-04-20 07:00:00,325.8,326.1,324.5,324.7,11334.817
2023-04-20 08:00:00,324.7,326.2,324.6,325.2,12162.171
2023-04-20 09:00:00,325.3,326.4,325.1,326.0,12716.129
2023-04-20 10:00:00,326.1,326.6,324.9,325.3,10228.563
2023-04-20 11:00:00,325.3,325.3,323.2,323.4,13845.991
2023-04-20 12:00:00,323.4,326.8,323.1,326.5,22385.399
2023-04-20 13:00:00,326.6,326.7,325.4,326.1,14221.344
2023-04-20 14:00:00,326.2,326.6,325.2,325.4,12620.195
2023-04-20 15:00:00,325.5,325.7,322.6,323.0,15839.529
2023-04-20 16:00:00,323.0,323.2,318.4,318.4,45636.085
2023-04-20 17:00:00,318.5,320.2,317.1,317.9,27016.751
2023-04-20 18:00:00,318.0,318.5,315.6,317.2,26683.406
2023-04-20 19:00:00,317.3,317.6,315.3,317.0,18272.625
2023-04-20 20:00:00,316.9,318.5,315.9,317.8,12987.442
2023-04-20 21:00:00,317.8,318.4,317.3,318.1,6499.904
2023-04-20 22:00:00,318.1,319.4,317.1,317.3,10380.264
2023-04-20 23:00:00,317.3,318.2,316.8,318.1,7723.265
2023-04-21 00:00:00,318.0,319.6,317.3,319.2,16491.046
2023-04-21 01:00:00,319.2,319.6,318.0,318.4,9152.925
2023-04-21 02:00:00,318.3,319.1,317.8,319.0,8956.821
2023-04-21 03:00:00,319.1,319.8,318.7,319.6,8424.632
2023-04-21 04:00:00,319.7,320.0,318.6,318.7,7039.829
2023-04-21 05:00:00,318.8,319.1,317.6,317.6,9339.562
2023-04-21 06:00:00,317.6,318.4,315.3,316.3,35042.351
2023-04-21 07:00:00,316.3,334.6,316.2,329.7,178651.678
2023-04-21 08:00:00,329.7,332.6,327.3,328.1,113671.72
2023-04-21 09:00:00,328.1,329.1,327.2,328.9,49083.682
2023-04-21 10:00:00,329.0,330.6,328.8,329.8,47189.941
2023-04-21 11:00:00,329.7,330.3,325.3,326.8,59955.758
2023-04-21 12:00:00,326.9,328.0,325.1,327.6,29339.008
2023-04-21 13:00:00,327.7,328.9,326.0,326.4,30060.641
2023-04-21 14:00:00,326.4,327.8,326.1,327.2,20100.68
2023-04-21 15:00:00,327.2,328.0,326.3,327.6,22696.803
2023-04-21 16:00:00,327.6,327.8,325.5,326.6,23316.84
2023-04-21 17:00:00,326.6,326.8,323.5,325.0,32485.113
2023-04-21 18:00:00,325.0,326.7,324.7,325.4,28583.424
2023-04-21 19:00:00,325.4,325.4,317.6,318.1,98896.047
2023-04-21 20:00:00,318.1,320.1,316.9,318.9,30088.024
2023-04-21 21:00:00,318.9,321.1,318.4,319.6,19905.954
2023-04-21 22:00:00,319.6,320.8,319.1,320.6,16321.018
2023-04-21 23:00:00,320.7,322.7,320.4,321.2,15980.397
2023-04-22 00:00:00,321.3,322.5,320.7,321.0,15546.833
2023-04-22 01:00:00,320.9,321.6,319.9,321.0,12805.511
2023-04-22 02:00:00,321.0,321.6,320.4,321.0,13540.753
2023-04-22 03:00:00,321.1,322.8,320.8,322.7,11544.602
2023-04-22 04:00:00,322.7,323.8,322.3,323.5,13705.404
2023-04-22 05:00:00,323.4,324.1,323.1,323.7,10961.245
2023-04-22 06:00:00,323.7,323.9,322.3,323.0,10199.103
2023-04-22 07:00:00,322.9,323.2,321.9,322.3,9761.4
2023-04-22 08:00:00,322.3,323.5,322.2,322.6,10892.23
2023-04-22 09:00:00,322.6,323.7,322.5,323.5,7911.432
2023-04-22 10:00:00,323.5,324.8,323.2,324.7,15839.454
2023-04-22 11:00:00,324.7,326.1,324.6,325.9,18874.907
2023-04-22 12:00:00,325.9,328.3,325.9,328.1,25081.005
2023-04-22 13:00:00,328.2,328.3,326.9,327.4,23853.381
2023-04-22 14:00:00,327.4,330.3,327.3,329.6,33717.032
2023-04-22 15:00:00,329.6,329.9,327.5,327.9,21961.025
2023-04-22 16:00:00,327.9,330.2,327.9,330.0,24093.558
2023-04-22 17:00:00,330.1,331.4,330.0,330.6,18507.908
2023-04-22 18:00:00,330.6,331.0,329.9,330.4,11554.972
2023-04-22 19:00:00,330.4,331.0,329.4,329.7,12547.453
2023-04-22 20:00:00,329.7,331.1,329.6,330.6,9221.564
2023-04-22 21:00:00,330.5,332.0,330.0,331.8,17819.394
2023-04-22 22:00:00,331.8,333.1,331.3,332.2,22400.642
2023-04-22 23:00:00,332.1,332.5,331.6,332.2,9541.224
2023-04-23 00:00:00,332.2,332.5,329.2,330.7,27392.032
2023-04-23 01:00:00,330.7,332.0,329.7,329.8,15383.127
2023-04-23 02:00:00,329.9,330.1,329.0,330.0,10707.539
2023-04-23 03:00:00,329.9,331.1,329.7,330.4,11334.197
2023-04-23 04:00:00,330.5,331.5,329.9,331.3,8551.471
2023-04-23 05:00:00,331.3,331.3,330.0,330.5,13649.012
2023-04-23 06:00:00,330.5,331.1,330.1,330.4,13352.79
2023-04-23 07:00:00,330.4,330.9,329.2,330.7,18017.377
2023-04-23 08:00:00,330.8,331.6,330.0,331.4,22754.174
2023-04-23 09:00:00,331.3,331.8,330.7,331.3,13393.296
2023-04-23 10:00:00,331.2,331.8,329.8,330.1,13272.472
2023-04-23 11:00:00,330.1,331.1,330.0,331.1,8384.525
2023-04-23 12:00:00,331.0,331.8,330.0,330.7,20272.776
2023-04-23 13:00:00,330.7,331.8,330.2,331.6,16631.983
2023-04-23 14:00:00,331.6,332.1,330.1,330.4,20909.345
2023-04-23 15:00:00,330.4,330.6,327.6,328.6,37864.967
2023-04-23 16:00:00,328.7,330.8,328.0,329.8,24425.436
2023-04-23 17:00:00,329.7,330.4,329.2,329.3,11340.499
2023-04-23 18:00:00,329.2,329.6,327.4,328.4,21644.724
2023-04-23 19:00:00,328.3,329.1,327.6,328.4,13261.904
2023-04-23 20:00:00,328.4,329.2,327.4,328.6,14150.585
2023-04-23 21:00:00,328.6,329.9,328.5,329.7,9175.369
2023-04-23 22:00:00,329.6,330.6,328.6,330.5,9570.525
2023-04-23 23:00:00,330.5,330.9,330.1,330.7,9182.029
2023-04-24 00:00:00,330.6,332.7,329.4,332.4,27088.801
2023-04-24 01:00:00,332.4,333.8,331.7,332.0,22316.057
2023-04-24 02:00:00,332.1,333.1,331.7,332.0,15031.078
2023-04-24 03:00:00,332.0,332.4,331.3,332.0,11704.919
2023-04-24 04:00:00,331.9,332.0,331.1,331.3,9832.967
2023-04-24 05:00:00,331.3,332.7,331.2,331.7,13289.167
2023-04-24 06:00:00,331.7,332.2,328.9,329.3,22055.466
2023-04-24 07:00:00,329.3,329.7,328.2,329.4,21375.398
2023-04-24 08:00:00,329.4,330.0,327.8,328.3,20342.823
2023-04-24 09:00:00,328.3,330.2,328.2,329.8,11576.11
2023-04-24 10:00:00,329.8,330.6,329.8,330.1,11986.069
2023-04-24 11:00:00,330.2,331.4,329.6,331.3,16301.815
2023-04-24 12:00:00,331.2,332.5,331.1,332.3,21116.984
2023-04-24 13:00:00,332.3,333.4,331.2,332.7,33725.231
2023-04-24 14:00:00,332.6,334.0,330.9,331.7,33412.555
2023-04-24 15:00:00,331.8,332.2,329.6,329.7,26198.079
2023-04-24 16:00:00,329.8,330.6,327.8,328.6,31056.789
2023-04-24 17:00:00,328.7,331.1,327.7,331.1,26292.941
2023-04-24 18:00:00,331.0,332.0,330.6,331.7,17333.296
2023-04-24 19:00:00,331.7,332.2,331.5,332.0,10528.637
2023-04-24 20:00:00,332.0,332.6,331.5,331.9,12703.115
2023-04-24 21:00:00,332.0,332.0,331.0,331.3,7166.757
2023-04-24 22:00:00,331.3,332.3,331.1,331.4,7681.565
2023-04-24 23:00:00,331.4,331.9,330.9,331.2,12658.675
2023-04-25 00:00:00,331.2,331.8,330.8,331.2,10717.219
2023-04-25 01:00:00,331.1,332.4,331.1,331.6,15561.03
2023-04-25 02:00:00,331.6,332.1,331.0,331.5,12419.723
2023-04-25 03:00:00,331.5,331.5,330.1,330.7,16378.359
2023-04-25 04:00:00,330.7,332.1,330.4,330.7,12435.218
2023-04-25 05:00:00,330.7,330.8,329.8,330.6,13944.469
2023-04-25 06:00:00,330.6,330.9,329.7,329.7,10908.569
2023-04-25 07:00:00,329.7,330.0,328.6,329.2,28798.289
2023-04-25 08:00:00,329.2,330.0,328.7,329.7,24281.262
2023-04-25 09:00:00,329.8,330.4,329.3,329.5,13198.588
2023-04-25 10:00:00,329.5,331.0,329.3,330.8,16929.585
2023-04-25 11:00:00,330.8,331.3,330.2,330.8,13982.129
2023-04-25 12:00:00,330.8,331.1,330.5,330.8,9418.896
2023-04-25 13:00:00,330.7,331.1,329.8,330.0,15083.98
2023-04-25 14:00:00,330.0,330.6,328.7,330.3,21203.447
2023-04-25 15:00:00,330.3,332.7,329.8,332.4,28711.593
2023-04-25 16:00:00,332.4,332.6,331.6,331.9,17506.706
2023-04-25 17:00:00,331.9,333.0,331.5,333.0,20163.876
2023-04-25 18:00:00,332.9,333.7,332.4,333.0,15760.086
2023-04-25 19:00:00,332.9,333.2,332.2,332.9,15589.242
2023-04-25 20:00:00,333.0,335.8,332.9,335.7,27278.649
2023-04-25 21:00:00,335.7,337.5,335.6,337.3,17890.869
2023-04-25 22:00:00,337.4,338.7,336.0,337.1,21877.212
2023-04-25 23:00:00,337.1,340.0,337.1,338.4,36665.887
2023-04-26 00:00:00,338.4,339.8,337.3,338.1,22418.214
2023-04-26 01:00:00,338.2,338.7,337.3,337.4,16702.381
2023-04-26 02:00:00,337.5,339.1,337.4,338.6,15384.618
2023-04-26 03:00:00,338.6,339.4,338.0,338.3,11257.603
2023-04-26 04:00:00,338.3,338.9,338.0,338.1,9308.818
2023-04-26 05:00:00,338.2,339.0,338.1,338.7,11016.786
2023-04-26 06:00:00,338.8,339.7,336.8,337.2,22888.82
2023-04-26 07:00:00,337.3,337.3,336.0,336.4,15880.16
2023-04-26 08:00:00,336.5,339.2,336.4,339.0,20520.918
2023-04-26 09:00:00,339.0,339.7,338.0,339.0,16044.114
2023-04-26 10:00:00,339.1,339.5,337.7,338.8,31924.352
2023-04-26 11:00:00,338.9,339.4,338.0,338.1,15731.007
2023-04-26 12:00:00,338.2,345.0,338.1,344.6,76243.163
2023-04-26 13:00:00,344.6,344.9,341.5,343.1,34378.439
2023-04-26 14:00:00,343.2,343.3,340.0,341.3,25130.874
2023-04-26 15:00:00,341.3,342.5,341.1,342.2,22528.023
2023-04-26 16:00:00,342.2,342.8,341.4,342.6,17334.463
2023-04-26 17:00:00,342.6,342.8,340.7,340.7,11116.427
2023-04-26 18:00:00,340.8,341.4,340.5,341.2,8019.105
2023-04-26 19:00:00,341.1,341.2,328.0,328.2,101952.865
2023-04-26 20:00:00,328.2,331.3,321.5,331.2,84565.759
2023-04-26 21:00:00,331.2,331.6,328.3,330.9,42365.083
2023-04-26 22:00:00,331.0,331.7,329.2,329.9,28478.421
2023-04-26 23:00:00,329.9,331.0,328.7,330.6,18361.171
2023-04-27 00:00:00,330.6,336.6,329.9,334.7,64466.225
2023-04-27 01:00:00,334.8,335.5,330.1,331.6,35472.48
2023-04-27 02:00:00,331.7,333.5,331.6,333.0,13123.518
2023-04-27 03:00:00,333.1,333.1,331.7,332.0,10364.307
2023-04-27 04:00:00,332.0,333.8,331.8,333.8,11202.126
2023-04-27 05:00:00,333.8,334.6,333.2,334.3,11448.609
2023-04-27 06:00:00,334.2,334.4,330.3,331.4,25521.796
2023-04-27 07:00:00,331.3,331.5,329.5,330.9,18398.644
2023-04-27 08:00:00,330.9,331.7,330.0,330.6,15497.389
2023-04-27 09:00:00,330.6,331.1,330.3,330.5,10874.754
2023-04-27 10:00:00,330.5,330.8,330.0,330.3,10754.634
2023-04-27 11:00:00,330.4,331.3,330.0,330.2,13787.816
2023-04-27 12:00:00,330.3,330.8,328.2,329.7,25922.634
2023-04-27 13:00:00,329.7,330.1,328.8,329.2,18061.235
2023-04-27 14:00:00,329.3,331.0,329.1,330.4,17916.278
2023-04-27 15:00:00,330.4,333.7,329.3,331.8,39271.45
2023-04-27 16:00:00,331.8,332.3,331.0,332.2,12729.948
2023-04-27 17:00:00,332.2,334.6,332.0,333.7,19786.892
2023-04-27 18:00:00,333.6,336.1,333.6,335.2,25911.422
2023-04-27 19:00:00,335.3,336.2,333.5,335.0,20191.466
2023-04-27 20:00:00,335.0,335.8,333.8,335.0,12321.962
2023-04-27 21:00:00,335.0,335.5,333.6,334.1,8478.223
2023-04-27 22:00:00,334.1,334.2,331.9,332.6,17323.145
2023-04-27 23:00:00,332.5,333.1,330.5,330.9,24024.004
2023-04-28 00:00:00,330.9,330.9,327.4,329.0,47131.316
2023-04-28 01:00:00,329.0,329.1,326.6,327.8,32329.076
2023-04-28 02:00:00,327.8,327.8,326.4,326.9,25681.865
2023-04-28 03:00:00,326.8,327.2,325.8,327.0,24249.786
2023-04-28 04:00:00,327.0,328.0,326.5,327.2,20239.768
2023-04-28 05:00:00,327.2,327.2,325.6,325.9,26817.123
2023-04-28 06:00:00,325.9,327.5,324.1,325.8,75392.804
2023-04-28 07:00:00,325.8,326.4,325.1,325.6,49567.536
2023-04-28 08:00:00,325.7,326.7,321.0,321.5,102482.415
2023-04-28 09:00:00,321.5,322.6,319.1,319.3,57595.078
2023-04-28 10:00:00,319.2,322.4,318.7,321.1,163753.438
2023-04-28 11:00:00,321.1,322.8,320.5,322.1,63259.669
2023-04-28 12:00:00,322.2,324.6,320.6,322.6,99934.465
2023-04-28 13:00:00,322.5,323.0,320.2,322.4,58826.564
2023-04-28 14:00:00,322.5,323.8,320.8,321.1,40322.029
2023-04-28 15:00:00,321.2,321.8,320.6,321.2,25069.115
2023-04-28 16:00:00,321.3,322.8,321.2,322.6,14847.279
2023-04-28 17:00:00,322.6,322.7,321.8,322.3,9173.15
2023-04-28 18:00:00,322.2,323.0,321.4,323.0,9993.205
2023-04-28 19:00:00,322.9,323.8,322.6,323.4,10889.353
2023-04-28 20:00:00,323.3,324.7,323.3,324.2,8309.795
2023-04-28 21:00:00,324.3,324.9,323.8,324.0,9672.038
2023-04-28 22:00:00,324.1,324.6,323.9,324.0,6924.366
2023-04-28 23:00:00,324.0,324.9,323.8,324.1,8748.923
2023-04-29 00:00:00,324.1,324.1,322.8,323.3,9783.03
2023-04-29 01:00:00,323.2,323.3,321.7,322.7,21038.797
2023-04-29 02:00:00,322.7,324.2,322.6,324.0,10273.716
2023-04-29 03:00:00,324.0,325.0,323.3,324.0,9712.835
2023-04-29 04:00:00,324.1,324.6,323.9,324.4,5587.45
2023-04-29 05:00:00,324.4,324.8,322.9,323.4,22292.325
2023-04-29 06:00:00,323.5,323.8,322.0,323.0,11092.919
2023-04-29 07:00:00,323.0,323.6,323.0,323.4,7647.703
2023-04-29 08:00:00,323.3,323.7,321.9,322.7,13469.029
2023-04-29 09:00:00,322.8,323.4,322.5,323.2,9275.838
2023-04-29 10:00:00,323.1,323.2,322.4,322.6,6621.633
2023-04-29 11:00:00,322.6,323.3,322.4,322.6,8399.698
2023-04-29 12:00:00,322.6,322.7,322.1,322.3,6874.384
2023-04-29 13:00:00,322.3,323.9,322.2,323.7,9466.331
2023-04-29 14:00:00,323.8,324.0,323.1,323.2,8569.889
2023-04-29 15:00:00,323.3,323.5,322.4,322.8,7711.836
2023-04-29 16:00:00,322.8,323.4,321.9,323.4,8144.411
2023-04-29 17:00:00,323.4,323.4,320.6,321.6,20366.512
2023-04-29 18:00:00,321.5,322.6,321.3,322.0,6437.312
2023-04-29 19:00:00,322.0,323.1,321.9,322.9,4691.901
2023-04-29 20:00:00,322.9,322.9,321.9,322.2,4548.137
2023-04-29 21:00:00,322.3,322.5,321.7,322.0,5762.931
2023-04-29 22:00:00,322.0,322.6,321.7,322.3,2945.736
2023-04-29 23:00:00,322.3,322.4,321.4,321.9,5774.336
2023-04-30 00:00:00,321.9,321.9,320.8,321.0,7250.946
2023-04-30 01:00:00,321.0,321.2,320.5,320.5,6213.68
2023-04-30 02:00:00,320.6,321.6,320.4,321.6,3528.422
2023-04-30 03:00:00,321.6,321.6,320.5,320.7,5075.929
2023-04-30 04:00:00,320.7,322.0,320.4,322.0,5876.523
2023-04-30 05:00:00,321.9,322.3,321.7,322.3,4087.009
2023-04-30 06:00:00,322.3,322.5,321.9,322.1,5047.232
2023-04-30 07:00:00,322.1,322.4,321.5,321.6,5910.864
2023-04-30 08:00:00,321.5,322.4,321.5,322.0,4693.97
2023-04-30 09:00:00,322.1,322.3,321.7,322.1,4611.32
2023-04-30 10:00:00,322.1,322.6,321.7,322.2,6509.091
2023-04-30 11:00:00,322.2,322.4,321.6,321.7,3014.644
