timestamp,macd,signal,hist
2023-03-19 19:00:00,0.0,0.0,0.0
2023-03-19 20:00:00,-0.2074074074073451,-0.04148148148146902,-0.16592592592587607
2023-03-19 21:00:00,-0.4154057191093443,-0.11626632900704409,-0.29913939010230023
2023-03-19 22:00:00,-0.4140892314786129,-0.17583090950135788,-0.238258321977255
2023-03-19 23:00:00,-0.5519285732895582,-0.251050442258998,-0.30087813103056027
2023-03-20 00:00:00,-0.8051995268646692,-0.3618802591801322,-0.443319267684537
2023-03-20 01:00:00,-0.8109793391884637,-0.45170007518179855,-0.3592792640066651
2023-03-20 02:00:00,-0.8860378321580242,-0.5385676265770437,-0.3474702055809805
2023-03-20 03:00:00,-1.1581088698731037,-0.6624758752362557,-0.49563299463684796
2023-03-20 04:00:00,-1.246391205748182,-0.779258941338641,-0.46713226440954103
2023-03-20 05:00:00,-1.333263221539255,-0.8900597973787638,-0.4432034241604912
2023-03-20 06:00:00,-1.4499491231243837,-1.0020376625278877,-0.447911460596496
2023-03-20 07:00:00,-1.4291195688321636,-1.087454043788743,-0.3416655250434206
2023-03-20 08:00:00,-1.1651748232318937,-1.1029981996773732,-0.06217662355452047
2023-03-20 09:00:00,-0.9610565772688915,-1.074609875195677,0.11355329792678548
2023-03-20 10:00:00,-0.7981598708618094,-1.0193198743289036,0.2211600034670942
2023-03-20 11:00:00,-0.6694156151769448,-0.9493390224985119,0.27992340732156706
2023-03-20 12:00:00,-0.4572152369032665,-0.8509142653794629,0.3936990284761964
2023-03-20 13:00:00,-0.5091127725930846,-0.7825539668221873,0.2734411942291026
2023-03-20 14:00:00,-0.3684728045711836,-0.6997377343719866,0.331264929800803
2023-03-20 15:00:00,-0.28599450706610696,-0.6169890889108107,0.33099458184470376
2023-03-20 16:00:00,-0.40956855309980256,-0.5755049817486091,0.16593642864880653
2023-03-20 17:00:00,-0.35812863414503227,-0.5320297122278937,0.17390107808286148
2023-03-20 18:00:00,-0.17813292973153239,-0.4612503557286215,0.2831174259970891
2023-03-20 19:00:00,-0.24248805670401907,-0.41749789592370107,0.175009839219682
2023-03-20 20:00:00,-0.36991742334402034,-0.4079818014077649,0.038064378063744575
2023-03-20 21:00:00,-0.4655396630380437,-0.4194933737338207,-0.046046289304223054
2023-03-20 22:00:00,-0.4314483731910741,-0.4218843736252714,-0.009563999565802672
2023-03-20 23:00:00,-0.7029557857247823,-0.47809865604517365,-0.2248571296796087
2023-03-21 00:00:00,-0.8438467125163811,-0.5512482673394152,-0.29259844517696587
2023-03-21 01:00:00,-0.7930479034498035,-0.599608194561493,-0.19343970888831052
2023-03-21 02:00:00,-0.7601650997258957,-0.6317195755943735,-0.12844552413152222
2023-03-21 03:00:00,-0.7337165771532455,-0.652118975906148,-0.08159760124709747
2023-03-21 04:00:00,-0.6966561497570183,-0.6610264106763221,-0.03562973908069622
2023-03-21 05:00:00,-0.9069745482384519,-0.7102160381887481,-0.1967585100497038
2023-03-21 06:00:00,-1.1092812758437276,-0.7900290857197441,-0.31925219012398354
2023-03-21 07:00:00,-1.4625497231032227,-0.9245332131964399,-0.5380165099067828
2023-03-21 08:00:00,-1.4753663159919483,-1.0346998337555418,-0.4406664822364066
2023-03-21 09:00:00,-1.3967996430017138,-1.1071197956047762,-0.28967984739693753
2023-03-21 10:00:00,-1.1438280371774567,-1.1144614439193123,-0.02936659325814439
2023-03-21 11:00:00,-0.9325958327604553,-1.078088321687541,0.14549248892708566
2023-03-21 12:00:00,-0.5889512756501176,-0.9802609124800563,0.3913096368299387
2023-03-21 13:00:00,-0.33693401551352054,-0.8515955330867492,0.5146615175732286
2023-03-21 14:00:00,-0.2632802189334029,-0.7339324702560799,0.47065225132267696
2023-03-21 15:00:00,0.0048334988308624816,-0.5861792764386915,0.591012775269554
2023-03-21 16:00:00,0.19888460535463537,-0.42916650008002616,0.6280511054346616
2023-03-21 17:00:00,0.2609031690942629,-0.2911525662451684,0.5520557353394313
2023-03-21 18:00:00,0.37033762023963845,-0.158854528948207,0.5291921491878455
2023-03-21 19:00:00,0.5076969466898618,-0.02554423382059326,0.533241180510455
2023-03-21 20:00:00,0.5855973084763377,0.09668407463879294,0.4889132338375448
2023-03-21 21:00:00,0.5841164260186815,0.19417054491477065,0.3899458811039109
2023-03-21 22:00:00,0.4566414733693591,0.24666473060568836,0.20997674276367076
2023-03-21 23:00:00,0.27179196376238224,0.25169017723702714,0.020101786525355103
2023-03-22 00:00:00,-0.05162907041693643,0.19102632770623443,-0.24265539812317086
2023-03-22 01:00:00,-0.10500305365815166,0.13182045143335722,-0.23682350509150887
2023-03-22 02:00:00,-0.12966924504479493,0.07952251213772679,-0.20919175718252173
2023-03-22 03:00:00,-0.12358527254087903,0.03890095520200562,-0.16248622774288465
2023-03-22 04:00:00,0.05011111927893808,0.041142988017392114,0.008968131261545963
2023-03-22 05:00:00,0.17764976108327346,0.06844434263056838,0.10920541845270508
2023-03-22 06:00:00,0.4031840273278817,0.13539227957003105,0.26779174775785064
2023-03-22 07:00:00,0.41574581396019994,0.19146298644806484,0.2242828275121351
2023-03-22 08:00:00,0.28523728993752684,0.21021784714595726,0.07501944279156958
2023-03-22 09:00:00,-0.25900998432450706,0.11637228085186441,-0.37538226517637147
2023-03-22 10:00:00,-0.8499842307197696,-0.07689902146246241,-0.7730852092573072
2023-03-22 11:00:00,-1.5745368826737263,-0.3764265937047152,-1.1981102889690112
2023-03-22 12:00:00,-1.9886503634618862,-0.6988713476561494,-1.2897790158057367
2023-03-22 13:00:00,-2.234595109225097,-1.006016099969939,-1.228579009255158
2023-03-22 14:00:00,-2.266208854660988,-1.258054650908149,-1.008154203752839
2023-03-22 15:00:00,-2.297060548610375,-1.4658558304485942,-0.8312047181617808
2023-03-22 16:00:00,-2.334940815395612,-1.639672827437998,-0.695267987957614
2023-03-22 17:00:00,-2.314078451020521,-1.7745539521545024,-0.5395244988660184
2023-03-22 18:00:00,-2.3272024851880246,-1.885083658761207,-0.44211882642681766
2023-03-22 19:00:00,-3.1086848198185066,-2.129803890972667,-0.9788809288458395
2023-03-22 20:00:00,-3.2707158817675577,-2.357986289131645,-0.9127295926359125
2023-03-22 21:00:00,-3.4800482991719264,-2.5823986911397014,-0.8976496080322249
2023-03-22 22:00:00,-3.5326016370337925,-2.77243928031852,-0.7601623567152727
2023-03-22 23:00:00,-3.5654271679849217,-2.9310368578518005,-0.6343903101331212
2023-03-23 00:00:00,-3.5505135279269666,-3.0549321918668335,-0.4955813360601331
2023-03-23 01:00:00,-3.6419571030617703,-3.172337174105821,-0.4696199289559493
2023-03-23 02:00:00,-3.568393441380408,-3.251548427560739,-0.31684501381966923
2023-03-23 03:00:00,-3.4780698495630986,-3.296852711961211,-0.1812171376018874
2023-03-23 04:00:00,-3.367667379055888,-3.3110156453801465,-0.0566517336757415
2023-03-23 05:00:00,-3.0593159576721405,-3.260675707838545,0.20135975016640462
2023-03-23 06:00:00,-2.7429800468139547,-3.157136575633627,0.41415652881967224
2023-03-23 07:00:00,-2.40803903349979,-3.00731706720686,0.59927803370707
2023-03-23 08:00:00,-2.0862699884987705,-2.8231076514652425,0.7368376629664719
2023-03-23 09:00:00,-1.7066928736004456,-2.5998246958922833,0.8931318222918376
2023-03-23 10:00:00,-1.4456943605194397,-2.3689986288177147,0.923304268298275
2023-03-23 11:00:00,-1.2008015726580652,-2.1353592175857847,0.9345576449277195
2023-03-23 12:00:00,-1.138839399004155,-1.9360552538694589,0.7972158548653039
2023-03-23 13:00:00,-1.1172013495715873,-1.7722844730098846,0.6550831234382972
2023-03-23 14:00:00,-0.8003373353486722,-1.5778950454776421,0.7775577101289699
2023-03-23 15:00:00,-0.2238730810674383,-1.3070906525956014,1.0832175715281631
2023-03-23 16:00:00,0.15055188261231933,-1.0155621455540171,1.1661140281663365
2023-03-23 17:00:00,0.41028025150541225,-0.7303936661421313,1.1406739176475436
2023-03-23 18:00:00,0.4575286288261964,-0.49280920714846577,0.9503378359746621
2023-03-23 19:00:00,0.6967399942048473,-0.2548993668778031,0.9516393610826505
2023-03-23 20:00:00,0.8123985853795261,-0.041439776426337255,0.8538383618058634
2023-03-23 21:00:00,0.909710603133135,0.14879029948555722,0.7609203036475778
2023-03-23 22:00:00,0.8958130603118093,0.2981948516508076,0.5976182086610017
2023-03-23 23:00:00,0.962465263966692,0.4310489341139845,0.5314163298527075
2023-03-24 00:00:00,0.9718085544203632,0.5392008581752602,0.432607696245103
2023-03-24 01:00:00,0.9361452229591123,0.6185897311320306,0.31755549182708165
2023-03-24 02:00:00,0.7858546330910485,0.6520427115238343,0.13381192156721422
2023-03-24 03:00:00,0.6591499870907569,0.6534641666372188,0.0056858204535380485
2023-03-24 04:00:00,0.488550620713454,0.620481457452466,-0.13193083673901196
2023-03-24 05:00:00,0.30943658015326037,0.5582724819926249,-0.24883590183936455
2023-03-24 06:00:00,0.11771547623686729,0.4701610808414734,-0.3524456046046061
2023-03-24 07:00:00,-0.06574368468039893,0.362980127737099,-0.4287238124174979
2023-03-24 08:00:00,-0.36827443828013884,0.2167292145336514,-0.5850036528137903
2023-03-24 09:00:00,-0.6649207616043782,0.04039921930604548,-0.7053199809104237
2023-03-24 10:00:00,-0.8259408637917431,-0.13286879731351225,-0.6930720664782308
2023-03-24 11:00:00,-0.8708889112172642,-0.28047282009426266,-0.5904160911230015
2023-03-24 12:00:00,-0.896179957932759,-0.40361424766196197,-0.492565710270797
2023-03-24 14:00:00,-1.0413945391721313,-0.5311703059639958,-0.5102242332081355
2023-03-24 15:00:00,-1.2310481906939117,-0.671145882909979,-0.5599023077839327
2023-03-24 16:00:00,-1.3815626106531909,-0.8132292284586214,-0.5683333821945694
2023-03-24 17:00:00,-1.6911501179073412,-0.9888134063483655,-0.7023367115589757
2023-03-24 18:00:00,-1.7229790752385838,-1.1356465401264093,-0.5873325351121745
2023-03-24 19:00:00,-1.6086230836862683,-1.230241848838381,-0.3783812348478872
2023-03-24 20:00:00,-1.596422542342566,-1.303477987539218,-0.292944554803348
2023-03-24 21:00:00,-1.57664807214627,-1.3581120044606285,-0.21853606768564138
2023-03-24 22:00:00,-1.4713928824239133,-1.3807681800532854,-0.09062470237062792
2023-03-24 23:00:00,-1.3402511482263435,-1.372664773687897,0.032413625461553464
2023-03-25 00:00:00,-1.1424591781487266,-1.326623654580063,0.18416447643133638
2023-03-25 01:00:00,-0.9824516895905617,-1.2577892615821629,0.27533757199160114
2023-03-25 02:00:00,-0.8060076265937255,-1.1674329345844754,0.3614253079907499
2023-03-25 03:00:00,-0.6346510800681244,-1.0608765636812052,0.42622548361308077
2023-03-25 04:00:00,-0.47721046862983485,-0.9441433446709312,0.46693287604109635
2023-03-25 05:00:00,-0.43617055404291705,-0.8425487865453285,0.40637823250241145
2023-03-25 06:00:00,-0.34320571436313685,-0.7426801721088901,0.3994744577457533
2023-03-25 07:00:00,-0.26645883752723876,-0.6474359051925599,0.38097706766532113
2023-03-25 08:00:00,-0.23520178202875286,-0.5649890805597985,0.3297872985310456
2023-03-25 09:00:00,-0.1362374019997219,-0.47923874484778317,0.3430013428480613
2023-03-25 10:00:00,-0.08108026776608313,-0.3996070494314432,0.3185267816653601
2023-03-25 11:00:00,-0.028964789175461192,-0.32547859738024687,0.2965138082047857
2023-03-25 12:00:00,0.012196509312047965,-0.2579435760417879,0.2701400853538359
2023-03-25 13:00:00,0.052283606311561925,-0.19589813957111796,0.24818174588267988
2023-03-25 14:00:00,0.01927738764948117,-0.15286303412699814,0.1721404217764793
2023-03-25 15:00:00,0.06499300108919215,-0.10929182708376009,0.17428482817295224
2023-03-25 16:00:00,0.06018337627881465,-0.07539678641124514,0.1355801626900598
2023-03-25 17:00:00,0.015843261384304697,-0.05714877685213518,0.07299203823643988
2023-03-25 18:00:00,-0.12278039856306577,-0.0702751011943213,-0.05250529736874447
2023-03-25 19:00:00,-0.39751083984873503,-0.13572224892520407,-0.26178859092353096
2023-03-25 20:00:00,-0.4486812899745587,-0.198314057135075,-0.2503672328394837
2023-03-25 21:00:00,-0.4517500894751265,-0.2490012636030853,-0.2027488258720412
2023-03-25 22:00:00,-0.4729378943320057,-0.2937885897488694,-0.17914930458313633
2023-03-25 23:00:00,-0.43628517284571444,-0.32228790636823845,-0.11399726647747599
2023-03-26 00:00:00,-0.35473349449779334,-0.32877702399414943,-0.025956470503643914
2023-03-26 01:00:00,-0.2309567266241288,-0.30921296452014535,0.07825623789601655
2023-03-26 02:00:00,-0.1393258489267737,-0.27523554140147105,0.13590969247469736
2023-03-26 03:00:00,-0.0819019322245822,-0.2365688195660933,0.1546668873415111
2023-03-26 04:00:00,-0.020023912788644793,-0.1932598382106036,0.17323592542195881
2023-03-26 05:00:00,0.04463862566160515,-0.14568014543616187,0.19031877109776701
2023-03-26 06:00:00,0.10276866432587894,-0.09599038348375372,0.19875904780963266
2023-03-26 07:00:00,0.15511819701930563,-0.04576866738314185,0.20088686440244746
2023-03-26 08:00:00,0.32200038705519773,0.027785143504526065,0.2942152435506717
2023-03-26 09:00:00,0.5208738933562245,0.12640289347486575,0.3944709998813587
2023-03-26 10:00:00,0.6867050006478053,0.23846331490945366,0.4482416857383516
2023-03-26 11:00:00,0.8486899992307144,0.36050865177370583,0.4881813474570086
2023-03-26 12:00:00,0.9100891861634182,0.47042475865164834,0.4396644275117698
2023-03-26 13:00:00,1.0834351111258798,0.5930268291464946,0.49040828197938513
2023-03-26 14:00:00,1.0393792391035959,0.6822973111379149,0.35708192796568095
2023-03-26 15:00:00,1.0408810004638553,0.754014049003103,0.28686695146075236
2023-03-26 16:00:00,0.9663780385612881,0.79648684691474,0.1698911916465481
2023-03-26 17:00:00,1.0246292446085477,0.8421153264535016,0.18251391815504603
2023-03-26 18:00:00,1.0506137593793596,0.8838150130386733,0.16679874634068637
2023-03-26 19:00:00,1.1148396469133672,0.9300199398136122,0.18481970709975504
2023-03-26 20:00:00,1.0806594773526967,0.9601478473214291,0.12051163003126764
2023-03-26 21:00:00,1.0734737664164982,0.982813031140443,0.09066073527605512
2023-03-26 22:00:00,1.1433599043849085,1.0149224057893362,0.1284374985955723
2023-03-26 23:00:00,1.1771070506064234,1.0473593347527537,0.12974771585366973
2023-03-27 00:00:00,1.1901327970693956,1.075914027216082,0.11421876985331347
2023-03-27 01:00:00,1.091048891340165,1.0789410000408988,0.01210789129926626
2023-03-27 02:00:00,1.0568259009102121,1.0745179802147615,-0.017692079304549413
2023-03-27 03:00:00,1.0020150007054553,1.0600173843129004,-0.05800238360744503
2023-03-27 04:00:00,0.9875390532435517,1.0455217180990308,-0.057982664855479094
2023-03-27 05:00:00,0.8851714128874733,1.0134516570567194,-0.1282802441692461
2023-03-27 06:00:00,0.7629725902393716,0.9633558436932499,-0.2003832534538783
2023-03-27 07:00:00,0.5867430557972284,0.8880332861140456,-0.30129023031681723
2023-03-27 08:00:00,0.5536658643591181,0.8211598017630601,-0.267493937403942
2023-03-27 09:00:00,0.5772815592225697,0.7723841532549621,-0.19510259403239238
2023-03-27 10:00:00,0.5812279690532591,0.7341529164146215,-0.15292494736136242
2023-03-27 11:00:00,0.6175822449143311,0.7108387821145634,-0.0932565372002323
2023-03-27 12:00:00,0.591163717512984,0.6869037691942476,-0.09574005168126354
2023-03-27 13:00:00,0.5158652847339908,0.6526960723021962,-0.13683078756820533
2023-03-27 14:00:00,-0.24302511456266984,0.4735518349292229,-0.7165769494918928
2023-03-27 15:00:00,-1.1938022067232055,0.14008102659873725,-1.3338832333219428
2023-03-27 16:00:00,-2.0846526099063,-0.3048657007022702,-1.7797869092040297
2023-03-27 17:00:00,-3.2055792493242734,-0.8850084104266709,-2.3205708388976025
2023-03-27 18:00:00,-3.999404060841755,-1.5078875405096879,-2.491516520332067
2023-03-27 19:00:00,-4.647564194528229,-2.135822871313396,-2.511741323214833
2023-03-27 20:00:00,-5.086463852607096,-2.7259510675721366,-2.3605127850349596
2023-03-27 21:00:00,-5.204844338536589,-3.221729721765027,-1.9831146167715614
2023-03-27 22:00:00,-5.230300909124821,-3.6234439592369867,-1.6068569498878347
2023-03-27 23:00:00,-5.039073995379113,-3.9065699664654123,-1.1325040289137003
2023-03-28 00:00:00,-4.887667450474396,-4.102789463267209,-0.7848779872071869
2023-03-28 01:00:00,-4.577731639503725,-4.197777898514512,-0.37995374098921264
2023-03-28 02:00:00,-4.442280714788751,-4.24667846176936,-0.19560225301939127
2023-03-28 03:00:00,-4.44507807331928,-4.286358384079344,-0.15871968923993585
2023-03-28 04:00:00,-4.308864287856693,-4.290859564834815,-0.018004723021878277
2023-03-28 05:00:00,-4.033382099384767,-4.239364071744805,0.20598197236003823
2023-03-28 06:00:00,-3.731697967682976,-4.137830850932439,0.4061328832494633
2023-03-28 07:00:00,-3.5884218192820754,-4.027949044602367,0.4395272253202913
2023-03-28 08:00:00,-3.323593819033192,-3.887077999488532,0.5634841804553399
2023-03-28 09:00:00,-3.1978899006725783,-3.7492403797253417,0.5513504790527635
2023-03-28 10:00:00,-3.1347556067925666,-3.626343425138787,0.49158781834622056
2023-03-28 11:00:00,-2.778342634586977,-3.456743267028425,0.678400632441448
2023-03-28 12:00:00,-2.515302925484775,-3.2684551987196953,0.7531522732349201
2023-03-28 13:00:00,-2.328416510370687,-3.0804474610498938,0.7520309506792069
2023-03-28 14:00:00,-2.0038939172143273,-2.8651367522827806,0.8612428350684533
2023-03-28 15:00:00,-1.7746651742319273,-2.64704243667261,0.8723772624406827
2023-03-28 16:00:00,-1.6386635644965963,-2.4453666622374075,0.8067030977408112
2023-03-28 17:00:00,-1.561298615963267,-2.2685530529825795,0.7072544370193126
2023-03-28 18:00:00,-1.131895324480297,-2.041221507282123,0.9093261828018262
2023-03-28 19:00:00,-0.7745919442645004,-1.7878955946785986,1.0133036504140982
2023-03-28 20:00:00,-0.6134614675225976,-1.5530087692473986,0.939547301724801
2023-03-28 21:00:00,-0.48022862714049097,-1.3384527408260172,0.8582241136855262
2023-03-28 22:00:00,-0.43418889604748756,-1.1575999718703112,0.7234110758228236
2023-03-28 23:00:00,-0.31339778027893317,-0.9887595335520356,0.6753617532731024
2023-03-29 00:00:00,-0.21518938153974432,-0.8340455031495774,0.618856121609833
2023-03-29 01:00:00,-0.09590713886325375,-0.6864178302923127,0.590510691429059
2023-03-29 02:00:00,-0.009336639457387719,-0.5510015921253278,0.5416649526679401
2023-03-29 03:00:00,0.0506184428630263,-0.430677585127657,0.48129602799068333
2023-03-29 04:00:00,0.21667306926377705,-0.30120745424937023,0.5178805235131473
2023-03-29 05:00:00,0.19273668744938277,-0.20241862590961962,0.3951553133590024
2023-03-29 06:00:00,0.4111029217834812,-0.07971431637099946,0.49081723815448064
2023-03-29 07:00:00,0.6094114766401617,0.05811084223123278,0.551300634408929
2023-03-29 08:00:00,0.9732211822785075,0.24113291024068773,0.7320882720378198
2023-03-29 09:00:00,1.159417149006174,0.424789757993785,0.734627391012389
2023-03-29 10:00:00,1.2282667850577127,0.5854851634065705,0.6427816216511422
2023-03-29 11:00:00,1.3001202972341162,0.7284121901720797,0.5717081070620365
2023-03-29 12:00:00,1.2538503105092786,0.8334998142395196,0.42035049626975907
2023-03-29 13:00:00,1.2272416279128606,0.9122481769741878,0.3149934509386728
2023-03-29 14:00:00,1.0089329264152411,0.9315851268623986,0.07734779955284254
2023-03-29 15:00:00,0.9779624859094724,0.9408605986718135,0.03710188723765895
2023-03-29 16:00:00,0.8388493204316205,0.9204583430237749,-0.08160902259215441
2023-03-29 17:00:00,0.800070067473996,0.8963806879138192,-0.09631062043982319
2023-03-29 18:00:00,0.7685470622510593,0.8708139627812672,-0.10226690053020793
2023-03-29 19:00:00,0.7271139719795201,0.8420739646209178,-0.11495999264139767
2023-03-29 20:00:00,0.646479910120263,0.8029551537207869,-0.1564752436005239
2023-03-29 21:00:00,0.4642568712263824,0.7352154972219059,-0.27095862599552356
2023-03-29 22:00:00,0.2922672325348685,0.6466258442844984,-0.3543586117496299
2023-03-29 23:00:00,0.13025521096699322,0.5433517176209973,-0.4130965066540041
2023-03-30 00:00:00,-0.06995654622681968,0.4206900648514339,-0.4906466110782536
2023-03-30 01:00:00,-0.2100659680028798,0.29453885828057114,-0.5046048262834509
2023-03-30 02:00:00,-0.014310489701983897,0.23276898868406015,-0.24707947838604405
2023-03-30 03:00:00,-0.15593442562351356,0.15502830582254543,-0.310962731446059
2023-03-30 04:00:00,-0.26511631928713086,0.07099938080061018,-0.33611570008774105
2023-03-30 05:00:00,-0.339659212393542,-0.01113233783822027,-0.32852687455532176
2023-03-30 06:00:00,-0.4340770436034518,-0.09572127899126658,-0.3383557646121852
2023-03-30 07:00:00,-0.2797425575872694,-0.13252553471046716,-0.14721702287680224
2023-03-30 08:00:00,-0.059910780137727215,-0.11800258379591917,0.05809180365819196
2023-03-30 09:00:00,0.09705042191120583,-0.07499198265449418,0.17204240456570002
2023-03-30 10:00:00,0.26678298281098023,-0.006636989561399298,0.2734199723723795
2023-03-30 11:00:00,0.4126784879853176,0.07722610594794409,0.3354523820373735
2023-03-30 12:00:00,0.5302584024326507,0.1678325652448854,0.3624258371877652
2023-03-30 13:00:00,0.5604961313878221,0.24636527847347275,0.3141308529143493
2023-03-30 14:00:00,0.5060043676759847,0.29829309631397516,0.2077112713620095
2023-03-30 15:00:00,0.45754495886842506,0.3301434688248651,0.12740149004355994
2023-03-30 16:00:00,0.358523542180194,0.33581948349593094,0.022704058684263062
2023-03-30 17:00:00,0.18113042606063345,0.30488167200887145,-0.123751245948238
2023-03-30 18:00:00,0.14378675472971736,0.27266268855304066,-0.1288759338233233
2023-03-30 19:00:00,0.18468516887531905,0.25506718461749633,-0.07038201574217728
2023-03-30 20:00:00,0.2943954914238134,0.26293284597875977,0.031462645445053616
2023-03-30 21:00:00,0.3530643140310872,0.28095913958922525,0.07210517444186193
2023-03-30 22:00:00,0.3072571030933773,0.2862187322900557,0.021038370803321604
2023-03-30 23:00:00,0.3237072130071965,0.2937164284334839,0.029990784573712626
2023-03-31 00:00:00,0.3807697525351159,0.3111270932538103,0.06964265928130559
2023-03-31 01:00:00,0.405183198005318,0.3299383142041119,0.07524488380120609
2023-03-31 02:00:00,0.40373865302598233,0.344698381968486,0.05904027105749632
2023-03-31 03:00:00,0.3980058767256196,0.3553598809199128,0.04264599580570683
2023-03-31 04:00:00,0.3969559137925671,0.36367908749444366,0.03327682629812345
2023-03-31 05:00:00,0.29588308341720904,0.35011988667899674,-0.0542368032617877
2023-03-31 06:00:00,0.3010723692095212,0.34031038318510165,-0.039238013975580466
2023-03-31 07:00:00,0.08632240942625913,0.28951278843333317,-0.20319037900707404
2023-03-31 08:00:00,0.06865423683899508,0.24534107811446554,-0.17668684127547046
2023-03-31 09:00:00,0.10189251487645379,0.2166513654668632,-0.11475885059040941
2023-03-31 10:00:00,0.11879552456531428,0.19708019728655343,-0.07828467272123915
2023-03-31 11:00:00,0.10675320424110168,0.1790147986774631,-0.0722615944363614
2023-03-31 12:00:00,0.15991944097578425,0.17519572713712733,-0.015276286161343078
2023-03-31 13:00:00,0.3114323678649953,0.20244305528270096,0.10898931258229433
2023-03-31 14:00:00,0.4904076539706921,0.2600359750202992,0.2303716789503929
2023-03-31 15:00:00,0.4256115658315025,0.29315109318253985,0.13246047264896266
2023-03-31 16:00:00,0.45774441340535077,0.326069757227102,0.13167465617824875
2023-03-31 17:00:00,0.429840012918703,0.3468238083654222,0.08301620455328079
2023-03-31 18:00:00,0.3871247132449298,0.35488398934132376,0.03224072390360605
2023-03-31 19:00:00,0.3332922167683705,0.35056563482673314,-0.017273418058362633
2023-03-31 20:00:00,0.19956826976516595,0.32036616181441974,-0.12079789204925379
2023-03-31 21:00:00,0.18027380109009528,0.2923476896695549,-0.1120738885794596
2023-03-31 22:00:00,0.1950114817453823,0.2728804480847204,-0.0778689663393381
2023-03-31 23:00:00,0.19635853659787017,0.2575760657873504,-0.0612175291894802
2023-04-01 00:00:00,0.19517621733302803,0.24509609609648592,-0.04991987876345788
2023-04-01 01:00:00,0.2398889162869864,0.24405466013458604,-0.004165743847599657
2023-04-01 02:00:00,0.24825483237583512,0.2448946945828359,0.003360137792999235
2023-04-01 03:00:00,0.08445884261783476,0.21280752418983567,-0.1283486815720009
2023-04-01 04:00:00,0.05089265300546231,0.18042454995296103,-0.12953189694749873
2023-04-01 05:00:00,8.275911540067682e-05,0.14435619178544898,-0.1442734326700483
2023-04-01 06:00:00,-0.11949858520432599,0.09158523638749398,-0.21108382159182
2023-04-01 07:00:00,-0.27564352921319824,0.01813948326735554,-0.2937830124805538
2023-04-01 08:00:00,-0.3549520348702231,-0.056478820360160185,-0.2984732145100629
2023-04-01 09:00:00,-0.3891116671100008,-0.12300538971012831,-0.26610627739987247
2023-04-01 10:00:00,-0.4194177987268404,-0.18228787151347076,-0.23712992721336962
2023-04-01 11:00:00,-0.4782682688114619,-0.24148395097306902,-0.23678431783839288
2023-04-01 12:00:00,-0.5189258363272415,-0.2969723280439035,-0.22195350828333804
2023-04-01 13:00:00,-0.5209347472148806,-0.34176481187809893,-0.17916993533678172
2023-04-01 14:00:00,-0.5963441817027046,-0.39268068584302007,-0.20366349585968457
2023-04-01 15:00:00,-0.648629702378912,-0.44387048915019855,-0.2047592132287135
2023-04-01 16:00:00,-0.6901795581522379,-0.4931323029506064,-0.19704725520163147
2023-04-01 17:00:00,-0.6271182820982517,-0.5199294987801355,-0.10718878331811621
2023-04-01 18:00:00,-0.5625874443682619,-0.5284610878977608,-0.03412635647050111
2023-04-01 19:00:00,-0.5375266747009846,-0.5302742052584055,-0.007252469442579068
2023-04-01 20:00:00,-0.5117665084408145,-0.5265726658948874,0.014806157454072877
2023-04-01 21:00:00,-0.4299114891949216,-0.5072404305548943,0.0773289413599727
2023-04-01 22:00:00,-0.3449263716752853,-0.47477761877897257,0.12985124710368728
2023-04-01 23:00:00,-0.3063206371891738,-0.44108622246101287,0.13476558527183907
2023-04-02 00:00:00,-0.3284236014841895,-0.41855369826564826,0.09013009678145878
2023-04-02 01:00:00,-0.3499752276243271,-0.404838004137384,0.05486277651305693
2023-04-02 02:00:00,-0.2831000033452824,-0.3804904039789637,0.09739040063368132
2023-04-02 03:00:00,-0.17961542588057,-0.340315408359285,0.16069998247871498
2023-04-02 04:00:00,-0.11244528198790249,-0.29474138308500847,0.18229610109710598
2023-04-02 05:00:00,-0.01865163327437358,-0.2395234331228815,0.2208717998485079
2023-04-02 06:00:00,0.06302318133901963,-0.1790141102305013,0.24203729156952092
2023-04-02 07:00:00,0.06247754399811356,-0.13071577938477832,0.19319332338289188
2023-04-02 08:00:00,0.02942922364269407,-0.09868677877928385,0.1281160024219779
2023-04-02 09:00:00,0.01915570514609044,-0.075118281994209,0.09427398714029944
2023-04-02 10:00:00,-0.00506606239565599,-0.061107838074498405,0.056041775678842415
2023-04-02 11:00:00,-0.031962705770013145,-0.05527881161360136,0.023316105843588217
2023-04-02 12:00:00,-0.07660295108308901,-0.05954363950749889,-0.017059311575590118
2023-04-02 13:00:00,-0.1505905740366984,-0.0777530264133388,-0.0728375476233596
2023-04-02 14:00:00,-0.2227963689544481,-0.10676169492156065,-0.11603467403288745
2023-04-02 15:00:00,-0.32469211860279756,-0.15034777965780804,-0.17434433894498952
2023-04-02 16:00:00,-0.4088019837847696,-0.20203862048320037,-0.20676336330156925
2023-04-02 17:00:00,-0.4221780663771142,-0.24606650966198315,-0.17611155671513104
2023-04-02 18:00:00,-0.4996416289052945,-0.29678153351064546,-0.20286009539464905
2023-04-02 19:00:00,-0.6423878203002573,-0.36590279086856786,-0.27648502943168946
2023-04-02 20:00:00,-0.6432016418170292,-0.4213625610582602,-0.22183908075876901
2023-04-02 21:00:00,-0.6444865260046981,-0.4659873540475479,-0.17849917195715026
2023-04-02 22:00:00,-0.638148625855365,-0.5004196084091113,-0.13772901744625377
2023-04-02 23:00:00,-0.5620930217399973,-0.5127542910752885,-0.04933873066470884
2023-04-03 00:00:00,-0.512054095191047,-0.5126142518984402,0.0005601567073931779
2023-04-03 01:00:00,-0.7143078809980352,-0.5529529777183593,-0.16135490327967594
2023-04-03 02:00:00,-0.9124918114053457,-0.6248607444557566,-0.2876310669495892
2023-04-03 03:00:00,-1.065342562449132,-0.7129571080544317,-0.35238545439470026
2023-04-03 04:00:00,-1.1649795604185442,-0.8033615985272542,-0.36161796189129003
2023-04-03 05:00:00,-1.2856070709595429,-0.899810693013712,-0.3857963779458309
2023-04-03 06:00:00,-1.301647347640369,-0.9801780239390434,-0.3214693237013255
2023-04-03 07:00:00,-1.2196088482006076,-1.0280641887913562,-0.19154465940925136
2023-04-03 08:00:00,-0.9420047948138972,-1.0108523099958644,0.06884751518196719
2023-04-03 09:00:00,-0.7456824761227381,-0.9578183432212392,0.21213586709850107
2023-04-03 10:00:00,-0.6312341355398985,-0.8925015016849711,0.2612673661450726
2023-04-03 11:00:00,-0.5662819127409193,-0.8272575838961609,0.26097567115524156
2023-04-03 12:00:00,-0.49298564800960776,-0.7604031967188504,0.2674175487092426
2023-04-03 13:00:00,-0.45387335344224766,-0.6990972280635299,0.24522387462128226
2023-04-03 14:00:00,-0.6095104633573669,-0.6811798751222973,0.07166941176493036
2023-04-03 15:00:00,-0.6447303020275967,-0.6738899605033573,0.02915965847576052
2023-04-03 16:00:00,-0.8165437904212922,-0.7024207264869443,-0.1141230639343479
2023-04-03 17:00:00,-0.87005528371634,-0.7359476379328235,-0.13410764578351653
2023-04-03 18:00:00,-0.7265665074237404,-0.7340714118310069,0.007504904407266477
2023-04-03 19:00:00,-0.5978893578221687,-0.7068350010292394,0.10894564320707067
2023-04-03 20:00:00,-1.27202675505373,-0.8198733518341376,-0.4521534032195925
2023-04-03 21:00:00,-1.4825671459895489,-0.9524121106652199,-0.530155035324329
2023-04-03 22:00:00,-1.510966971982043,-1.0641230829285846,-0.4468438890534585
2023-04-03 23:00:00,-1.396340431412284,-1.1305665526253246,-0.26577387878695946
2023-04-04 00:00:00,-1.28264339328598,-1.1609819207574557,-0.12166147252852433
2023-04-04 01:00:00,-1.2268107463974616,-1.174147685885457,-0.052663060512004645
2023-04-04 02:00:00,-1.0893143906141631,-1.1571810268311982,0.06786663621703504
2023-04-04 03:00:00,-0.937266654423695,-1.1131981523496977,0.1759314979260027
2023-04-04 04:00:00,-0.8313914576427806,-1.0568368134083141,0.2254453557655336
2023-04-04 05:00:00,-0.7070574264595848,-0.9868809360185683,0.2798235095589835
2023-04-04 06:00:00,-0.561701049589999,-0.9018449587328545,0.3401439091428555
2023-04-04 07:00:00,-0.4813027366627125,-0.8177365143188262,0.3364337776561137
2023-04-04 08:00:00,-0.3809188420710825,-0.7303729798692775,0.349454137798195
2023-04-04 09:00:00,-0.2580434962563345,-0.6359070831466889,0.3778635868903544
2023-04-04 10:00:00,-0.2306278435951299,-0.554851235236377,0.32422339164124714
2023-04-04 11:00:00,-0.10281640240930301,-0.4644442686709623,0.36162786626165927
2023-04-04 12:00:00,0.014446879458887452,-0.36866603904499234,0.3831129185038798
2023-04-04 13:00:00,0.07424635238174915,-0.2800835607596441,0.3543299131413932
2023-04-04 14:00:00,0.14418330293517556,-0.19523018802068015,0.3394134909558557
2023-04-04 15:00:00,0.19733409550053693,-0.11671733131643675,0.3140514268169737
2023-04-04 16:00:00,0.19684159286089198,-0.054005546480971,0.250847139341863
2023-04-04 17:00:00,0.22612135184283488,0.002019833183790176,0.2241015186590447
2023-04-04 18:00:00,0.2225528285170526,0.04612643225044267,0.17642639626660994
2023-04-04 19:00:00,0.2650840102017469,0.0899179478407035,0.17516606236104337
2023-04-04 20:00:00,0.3113396766475489,0.1342022936020726,0.17713738304547633
2023-04-04 21:00:00,0.3121230087445497,0.169786436630568,0.14233657211398168
2023-04-04 22:00:00,0.29322535715391496,0.1944742207352374,0.09875113641867755
2023-04-04 23:00:00,0.25912348930194185,0.2074040744485783,0.05171941485336354
2023-04-05 00:00:00,0.43685993483893526,0.2532952465266497,0.18356468831228556
2023-04-05 01:00:00,0.5711336749623683,0.3168629322137934,0.2542707427485749
2023-04-05 02:00:00,0.6698252528372564,0.387455396338486,0.28236985649877033
2023-04-05 03:00:00,0.8352408736470807,0.477012491800205,0.35822838184687567
2023-04-05 04:00:00,0.9074583443824622,0.5631016623166565,0.3443566820658057
2023-04-05 05:00:00,1.073355697871591,0.6651524694276434,0.40820322844394763
2023-04-05 06:00:00,1.1831230751309363,0.768746590568302,0.4143764845626343
2023-04-05 07:00:00,1.199799817141752,0.8549572358829921,0.34484258125876
2023-04-05 08:00:00,1.2071699162426057,0.9253997719549149,0.28177014428769087
2023-04-05 09:00:00,1.2071644962647383,0.9817527168168796,0.22541177944785873
2023-04-05 10:00:00,1.201380597464265,1.0256782929463568,0.17570230451790825
2023-04-05 11:00:00,1.2389985616808303,1.0683423466932516,0.17065621498757877
2023-04-05 12:00:00,1.278283307871277,1.1103305389288567,0.16795276894242028
2023-04-05 13:00:00,1.2226997522327565,1.1328043815896367,0.08989537064311981
2023-04-05 14:00:00,0.9657872826899165,1.0994009618096927,-0.13361367911977617
2023-04-05 15:00:00,0.7215876295417161,1.0238382953560974,-0.3022506658143813
2023-04-05 16:00:00,0.48215385423134194,0.9155014071311464,-0.4333475528998044
2023-04-05 17:00:00,0.3289546985980678,0.7981920654245307,-0.4692373668264629
2023-04-05 18:00:00,0.21315530659370552,0.6811847136583656,-0.4680294070646601
2023-04-05 19:00:00,0.23965828657208021,0.5928794282411086,-0.3532211416690284
2023-04-05 20:00:00,0.2656687889874547,0.5274373003903778,-0.2617685114029231
2023-04-05 21:00:00,0.33088307106220327,0.48812645452474296,-0.1572433834625397
2023-04-05 22:00:00,0.38618334253317244,0.46773783212642883,-0.0815544895932564
2023-04-05 23:00:00,0.369268360437502,0.4480439377886435,-0.07877557735114149
2023-04-06 00:00:00,0.2401267834629266,0.40646050692350016,-0.16633372346057357
2023-04-06 01:00:00,0.1362109977026762,0.3524106050793354,-0.21619960737665922
2023-04-06 02:00:00,0.053243233956550284,0.2925771308547784,-0.2393338968982281
2023-04-06 03:00:00,0.10729135940954393,0.2555199765657315,-0.14822861715618757
2023-04-06 04:00:00,0.17234568722130916,0.23888511869684703,-0.06653943147553787
2023-04-06 05:00:00,0.16550966841600712,0.22421002864067907,-0.058700360224671955
2023-04-06 06:00:00,0.18219928709089572,0.21580788033072243,-0.033608593239826706
2023-04-06 07:00:00,0.04960911041638383,0.18256812634785471,-0.1329590159314709
2023-04-06 08:00:00,-0.00697418025930574,0.14465966502642263,-0.15163384528572837
2023-04-06 09:00:00,-0.1309984201874954,0.08952804798363903,-0.22052646817113444
2023-04-06 10:00:00,-0.2506071731775137,0.021501003751408482,-0.2721081769289222
2023-04-06 11:00:00,-0.28562135659501564,-0.03992346831787635,-0.2456978882771393
2023-04-06 12:00:00,-0.3257535931005009,-0.09708949327440125,-0.22866409982609964
2023-04-06 13:00:00,-0.31359789699394014,-0.14039117401830903,-0.1732067229756311
2023-04-06 14:00:00,-0.3005004382553125,-0.17241302686570972,-0.12808741138960275
2023-04-06 15:00:00,-0.23895114222642633,-0.18572064993785306,-0.05323049228857327
2023-04-06 16:00:00,-0.20396008531230336,-0.18936853701274314,-0.01459154829956022
2023-04-06 17:00:00,-0.1742211081253231,-0.18633905123525915,0.012117943109936052
2023-04-06 18:00:00,-0.1888219538263911,-0.18683563175348555,-0.0019863220729055553
2023-04-06 19:00:00,-0.16620071380498302,-0.18270864816378504,0.016507934358802018
2023-04-06 20:00:00,-0.18646953471346706,-0.18346082547372145,-0.0030087092397456106
2023-04-06 21:00:00,-0.2002246561122547,-0.1868135916014281,-0.013411064510826604
2023-04-06 22:00:00,-0.19276528220973432,-0.18800392972308935,-0.004761352486644971
2023-04-06 23:00:00,-0.1927014960216411,-0.18894344298279972,-0.0037580530388413858
2023-04-07 00:00:00,-0.15854666073448698,-0.18286408653313718,0.024317425798650205
2023-04-07 01:00:00,-0.18582083068622524,-0.1834554353637548,-0.0023653953224704316
2023-04-07 02:00:00,-0.2369806979626219,-0.19416048788352824,-0.042820210079093646
2023-04-07 03:00:00,-0.2584081643705076,-0.20701002318092412,-0.051398141189583496
2023-04-07 04:00:00,-0.30416007492510744,-0.2264400335297608,-0.07772004139534663
2023-04-07 05:00:00,-0.3126077532807585,-0.24367357747996038,-0.06893417580079814
2023-04-07 06:00:00,-0.3475726550889249,-0.2644533930017533,-0.08311926208717157
2023-04-07 07:00:00,-0.4507779467609794,-0.30171830375359854,-0.14905964300738084
2023-04-07 08:00:00,-0.534476930871449,-0.34827002917716865,-0.18620690169428034
2023-04-07 09:00:00,-0.5780077368739853,-0.39421757071653196,-0.18379016615745336
2023-04-07 10:00:00,-0.5736172545468889,-0.4300975074826034,-0.14351974706428555
2023-04-07 11:00:00,-0.5875720931277328,-0.4615924246116293,-0.12597966851610354
2023-04-07 12:00:00,-0.5997866009261088,-0.4892312598745252,-0.1105553410515836
2023-04-07 13:00:00,-0.5865667810994637,-0.5086983641195129,-0.07786841697995084
2023-04-07 14:00:00,-0.5615476427042267,-0.5192682198364557,-0.04227942286777109
2023-04-07 15:00:00,-0.5116147263807989,-0.5177375211453243,0.006122794764525485
2023-04-07 16:00:00,-0.5065491682769334,-0.5154998505716462,0.008950682294712742
2023-04-07 17:00:00,-0.4409673302379815,-0.5005933465049133,0.05962601626693176
2023-04-07 18:00:00,-0.40051469553230845,-0.48057761631039236,0.08006292077808391
2023-04-07 19:00:00,-0.3881883897597618,-0.4620997710002663,0.0739113812405045
2023-04-07 20:00:00,-0.36613002039655385,-0.44290582087952385,0.07677580048297
2023-04-07 21:00:00,-0.36062981624706936,-0.426450619953033,0.06582080370596366
2023-04-07 22:00:00,-0.3282791740644484,-0.4068163307753161,0.0785371567108677
2023-04-07 23:00:00,-0.34705540398897483,-0.3948641454180479,0.04780874142907304
2023-04-08 00:00:00,-0.32590224619212904,-0.38107176557286415,0.05516951938073511
2023-04-08 01:00:00,-0.29763806562544914,-0.36438502558338115,0.066746959957932
2023-04-08 02:00:00,-0.24019304591507762,-0.3395466296497205,0.09935358373464287
2023-04-08 03:00:00,-0.15256298151621195,-0.3021499000230188,0.14958691850680683
2023-04-08 04:00:00,-0.09014554665651531,-0.2597490293497181,0.1696034826932028
2023-04-08 05:00:00,0.0076475495629892976,-0.20626971356717663,0.21391726313016593
2023-04-08 06:00:00,0.07620171270298215,-0.1497754283131449,0.22597714101612704
2023-04-08 07:00:00,0.12106663581602106,-0.09560701548731171,0.21667365130333277
2023-04-08 08:00:00,0.13888312388667146,-0.048708987612515076,0.18759211149918653
2023-04-08 09:00:00,0.15125919717411307,-0.008715350655189451,0.1599745478293025
2023-04-08 10:00:00,0.19114063126346537,0.031255845728541516,0.15988478553492386
2023-04-08 11:00:00,0.1803224883844905,0.06106917425973132,0.11925331412475917
2023-04-08 12:00:00,0.16181457030688762,0.08121825346916259,0.08059631683772503
2023-04-08 13:00:00,0.15344723198046495,0.09566404917142306,0.05778318280904189
2023-04-08 14:00:00,0.177051770534149,0.11194159344396826,0.06511017709018074
2023-04-08 15:00:00,0.20150487885354096,0.1298542505258828,0.07165062832765817
2023-04-08 16:00:00,0.2502757770655535,0.15393855583381694,0.09633722123173655
2023-04-08 17:00:00,0.24574840925942,0.17230052651893757,0.07344788274048242
2023-04-08 18:00:00,0.14367427882143602,0.16657527697943725,-0.02290099815800123
2023-04-08 19:00:00,0.04610993983078515,0.14248220954970683,-0.09637226971892168
2023-04-08 20:00:00,-0.03883203447622918,0.10621936074451964,-0.14505139522074884
2023-04-08 21:00:00,-0.09696227606178809,0.06558303338325809,-0.1625453094450462
2023-04-08 22:00:00,-0.149378137405904,0.022590799225425676,-0.17196893663132967
2023-04-08 23:00:00,-0.19671958846004145,-0.02127127831166775,-0.1754483101483737
2023-04-09 00:00:00,-0.18370540238032618,-0.05375810312539944,-0.12994729925492673
2023-04-09 01:00:00,-0.14748396995463509,-0.07250327649124658,-0.07498069346338851
2023-04-09 02:00:00,-0.13337904175830317,-0.0846784295446579,-0.04870061221364527
2023-04-09 03:00:00,-0.12080818300898954,-0.09190438023752423,-0.028903802771465315
2023-04-09 04:00:00,-0.10958248817104277,-0.09544000182422795,-0.014142486346814823
2023-04-09 05:00:00,-0.11549304078329214,-0.0994506096160408,-0.016042431167251348
2023-04-09 06:00:00,-0.20655694336232955,-0.12087187636529856,-0.08568506699703099
2023-04-09 07:00:00,-0.27554938050138844,-0.15180737719251652,-0.12374200330887192
2023-04-09 08:00:00,-0.3184859123851993,-0.18514308423105308,-0.13334282815414622
2023-04-09 09:00:00,-0.3564733842327996,-0.2194091442314024,-0.13706424000139722
2023-04-09 10:00:00,-0.36621885779737795,-0.2487710869445975,-0.11744777085278044
2023-04-09 11:00:00,-0.34574914212521435,-0.2681666979807209,-0.07758244414449345
2023-04-09 12:00:00,-0.2858854145515579,-0.2717104412948883,-0.01417497325666961
2023-04-09 13:00:00,-0.25168009620119847,-0.26770437227615035,0.016024276074951882
2023-04-09 14:00:00,-0.24594453229479996,-0.26335240427988027,0.017407871985080314
2023-04-09 15:00:00,-0.23864807017679368,-0.258411537459263,0.019763467282469305
2023-04-09 16:00:00,-0.22223462469770539,-0.25117615490695144,0.028941530209246058
2023-04-09 17:00:00,-0.19088808337136243,-0.23911854059983367,0.048230457228471246
2023-04-09 18:00:00,-0.10831300873252303,-0.21295743422637156,0.10464442549384853
2023-04-09 19:00:00,-0.002497061266410583,-0.17086535963437938,0.1683682983679688
2023-04-09 20:00:00,0.0963900435719438,-0.11741427899311474,0.21380432256505855
2023-04-09 21:00:00,0.2046760653846036,-0.05299621011757108,0.25767227550217464
2023-04-09 22:00:00,0.33504629825335996,0.024612291556615123,0.3104340066967448
2023-04-09 23:00:00,0.40943840322745473,0.10157751389078305,0.30786088933667166
2023-04-10 00:00:00,0.43114801933847957,0.16749161498032236,0.2636564043581572
2023-04-10 01:00:00,0.4512208180654511,0.22423745559734812,0.226983362468103
2023-04-10 02:00:00,0.4538280442126279,0.2701555733204041,0.18367247089222383
2023-04-10 03:00:00,0.4905849530833848,0.31424144927300024,0.17634350381038455
2023-04-10 04:00:00,0.4898607654113789,0.349365312500676,0.14049545291070292
2023-04-10 05:00:00,0.49168813101977094,0.377829876204495,0.11385825481527595
2023-04-10 06:00:00,0.4875165441771401,0.399767209799024,0.08774933437811605
2023-04-10 07:00:00,0.49464687876843527,0.41874314359290626,0.07590373517552901
2023-04-10 08:00:00,0.49459632178133006,0.43391377923059105,0.060682542550739016
2023-04-10 09:00:00,0.4889202862868842,0.4449150806418497,0.04400520564503452
2023-04-10 10:00:00,0.4868787167537221,0.4533078078642242,0.033570908889497875
2023-04-10 11:00:00,0.4557990971280219,0.4538060657169838,0.0019930314110381264
2023-04-10 12:00:00,0.39434584417762153,0.44191402140911135,-0.04756817723148982
2023-04-10 13:00:00,0.30181869905493386,0.4138949569382758,-0.11207625788334197
2023-04-10 14:00:00,0.2258863922031651,0.3762932439912537,-0.1504068517880886
2023-04-10 15:00:00,0.19572989661048723,0.3401805745151004,-0.1444506779046132
2023-04-10 16:00:00,0.32941663201097526,0.3380277860142754,-0.008611154003300148
2023-04-10 17:00:00,0.42242570809958124,0.35490737043133663,0.06751833766824461
2023-04-10 18:00:00,0.4904820986749314,0.3820223160800556,0.10845978259487582
2023-04-10 19:00:00,0.5222586770610746,0.41006958827625944,0.1121890887848152
2023-04-10 20:00:00,0.46940831907795655,0.4219373344365989,0.04747098464135763
2023-04-10 21:00:00,0.4545607928054096,0.4284620261103611,0.026098766695048514
2023-04-10 22:00:00,0.6052693030727028,0.4638234815028294,0.14144582156987334
2023-04-10 23:00:00,0.9557643546716008,0.5622116561365837,0.39355269853501706
2023-04-11 00:00:00,1.2434084622813657,0.6984510173655402,0.5449574449158255
2023-04-11 01:00:00,1.7178486210949018,0.9023305381114125,0.8155180829834893
2023-04-11 02:00:00,2.014143917930596,1.1246932140752492,0.889450703855347
2023-04-11 03:00:00,2.7019633793497633,1.440147247130152,1.2618161322196113
2023-04-11 04:00:00,3.202084457335104,1.7925346891711427,1.4095497681639615
2023-04-11 05:00:00,3.5095629719123735,2.135940345719389,1.3736226261929847
2023-04-11 06:00:00,4.165170777100684,2.5417864319956482,1.6233843451050358
2023-04-11 07:00:00,4.559562410486421,2.945341627693803,1.6142207827926183
2023-04-11 08:00:00,4.680985343646341,3.292470370884311,1.3885149727620303
2023-04-11 09:00:00,4.730749916992181,3.580126280105885,1.150623636886296
2023-04-11 10:00:00,4.747736407026764,3.813648305490061,0.9340881015367031
2023-04-11 11:00:00,4.635144780620465,3.977947600516142,0.6571971801043226
2023-04-11 12:00:00,4.470178181235326,4.076393716659979,0.3937844645753472
2023-04-11 13:00:00,4.401669555720048,4.141448884471993,0.2602206712480548
2023-04-11 14:00:00,4.241992774410676,4.16155766245973,0.08043511195094588
2023-04-11 15:00:00,4.004730421254806,4.130192214218745,-0.12546179296393944
2023-04-11 16:00:00,3.509955296460305,4.006144830667058,-0.4961895342067528
2023-04-11 17:00:00,3.162083557131666,3.8373325759599792,-0.6752490188283131
2023-04-11 18:00:00,2.797658877519382,3.62939783627186,-0.8317389587524784
2023-04-11 19:00:00,2.40048673391982,3.3836156158014523,-0.9831288818816324
2023-04-11 20:00:00,2.069933211339844,3.120879134909131,-1.0509459235692868
2023-04-11 21:00:00,1.7474775089044101,2.846198809708187,-1.0987213008037768
2023-04-11 22:00:00,1.4509953772652011,2.5671581232195897,-1.1161627459543886
2023-04-11 23:00:00,1.0426290874935376,2.2622523160743797,-1.2196232285808422
2023-04-12 00:00:00,0.7187793836839091,1.9535577295962858,-1.2347783459123767
2023-04-12 01:00:00,0.32124722960310237,1.627095629597649,-1.3058483999945467
2023-04-12 02:00:00,-0.24914117863238516,1.2518482679516423,-1.5009894465840274
2023-04-12 03:00:00,-0.7091418839036692,0.8596502375805801,-1.5687921214842493
2023-04-12 04:00:00,-0.9338245802398433,0.5009552740164955,-1.4347798542563388
2023-04-12 05:00:00,-1.1311249881358094,0.17453922158603455,-1.305664209721844
2023-04-12 06:00:00,-1.2488831426054503,-0.1101452512522624,-1.1387378913531878
2023-04-12 07:00:00,-1.3029798944821778,-0.3487121798982455,-0.9542677145839322
2023-04-12 08:00:00,-1.3943322796336588,-0.5578361998453282,-0.8364960797883306
2023-04-12 09:00:00,-1.4181060027052013,-0.7298901604173029,-0.6882158422878983
2023-04-12 10:00:00,-1.3966397629156404,-0.8632400809169705,-0.5333996819986699
2023-04-12 11:00:00,-1.4357002330187925,-0.977732111337335,-0.4579681216814575
2023-04-12 12:00:00,-1.338260997538157,-1.0498378885774993,-0.2884231089606577
2023-04-12 13:00:00,-1.2626232945542597,-1.0923949697728514,-0.17022832478140826
2023-04-12 14:00:00,-1.0852704127914308,-1.0909700583765674,0.005699645585136581
2023-04-12 15:00:00,-1.0296774665351336,-1.0787115400082807,0.049034073473147144
2023-04-12 16:00:00,-0.998319147199993,-1.0626330614466233,0.06431391424663024
2023-04-12 17:00:00,-0.8905789352172064,-1.02822223620074,0.1376433009835336
2023-04-12 18:00:00,-0.8917445362538388,-1.0009266962113599,0.10918215995752112
2023-04-12 19:00:00,-0.8824954255417765,-0.9772404420774433,0.0947450165356668
2023-04-12 20:00:00,-0.8253060034677446,-0.9468535543555036,0.12154755088775893
2023-04-12 21:00:00,-0.7232310317178303,-0.9021290498279689,0.1788980181101386
2023-04-12 22:00:00,-0.674901854059442,-0.8566836106742636,0.18178175661482154
2023-04-12 23:00:00,-0.58945988462267,-0.803238865463945,0.213778980841275
2023-04-13 00:00:00,-0.5397323030454686,-0.7505375529802497,0.2108052499347811
2023-04-13 01:00:00,-0.5105755675870682,-0.7025451559016135,0.19196958831454525
2023-04-13 02:00:00,-0.4579818225117833,-0.6536324892236475,0.19565066671186415
2023-04-13 03:00:00,-0.41155673081448185,-0.6052173375418144,0.19366060672733254
2023-04-13 04:00:00,-0.3864481064840106,-0.5614634913302536,0.17501538484624302
2023-04-13 05:00:00,-0.43416701213413944,-0.5360041954910308,0.1018371833568914
2023-04-13 06:00:00,-0.5224463027473689,-0.5332926169422985,0.01084631419492954
2023-04-13 07:00:00,-0.4739762734243982,-0.5214293482387184,0.04745307481432026
2023-04-13 08:00:00,-0.23914674875908304,-0.4649728283427914,0.22582607958370837
2023-04-13 09:00:00,0.0034022719759150277,-0.3712978082790502,0.3747000802549652
2023-04-13 10:00:00,0.32103011133273185,-0.23283222435669376,0.5538623356894257
2023-04-13 11:00:00,0.5422937448877292,-0.07780703050780918,0.6201007753955383
2023-04-13 12:00:00,0.7972177455944234,0.09719792471263736,0.700019820881786
2023-04-13 13:00:00,0.7884292248307929,0.2354441847362685,0.5529850400945244
2023-04-13 14:00:00,0.8922168028669262,0.3667987083624,0.5254180945045261
2023-04-13 15:00:00,0.9394325200989897,0.481325470709718,0.4581070493892717
2023-04-13 16:00:00,0.9657191074448974,0.5782041980567539,0.3875149093881435
2023-04-13 17:00:00,1.0311491219472941,0.668793182834862,0.36235593911243213
2023-04-13 18:00:00,1.0626837587005866,0.7475712980080069,0.3151124606925797
2023-04-13 19:00:00,1.1071888586217824,0.8194948101307621,0.2876940484910203
2023-04-13 20:00:00,1.0656223259832132,0.8687203133012523,0.19690201268196084
2023-04-13 21:00:00,1.0927069818819177,0.9135176470173855,0.17918933486453226
2023-04-13 22:00:00,1.0775430287326344,0.9463227233604353,0.1312203053721991
2023-04-13 23:00:00,1.0852915779321393,0.9741164942747762,0.11117508365736306
2023-04-14 00:00:00,1.4060599104624885,1.0605051775123187,0.3455547329501698
2023-04-14 01:00:00,1.7929176079097147,1.2069876635917978,0.5859299443179169
2023-04-14 02:00:00,1.9399666004064784,1.353583450954734,0.5863831494517444
2023-04-14 03:00:00,2.224521034979034,1.527770967759594,0.69675006721944
2023-04-14 04:00:00,2.653450907821025,1.7529069557718802,0.9005439520491447
2023-04-14 05:00:00,2.991177151126635,2.0005609948428313,0.9906161562838038
2023-04-14 06:00:00,3.1738267474357826,2.2352141453614216,0.938612602074361
2023-04-14 07:00:00,3.264804901268519,2.441132296542841,0.8236726047256782
2023-04-14 08:00:00,3.2270834559662944,2.598322528427532,0.6287609275387624
2023-04-14 09:00:00,3.1288449053054137,2.7044270038031084,0.4244179015023053
2023-04-14 10:00:00,2.9922894037300694,2.761999483788501,0.23028991994156822
2023-04-14 11:00:00,2.930973390772408,2.795794265185283,0.13517912558712508
2023-04-14 12:00:00,2.7218970456827947,2.7810148212847854,-0.05911777560199072
2023-04-14 13:00:00,2.43134552692959,2.711080962413747,-0.2797354354841568
2023-04-14 14:00:00,2.072294103098045,2.5833235905506067,-0.5110294874525616
2023-04-14 15:00:00,1.4961450490637276,2.365887882253231,-0.8697428331895036
2023-04-14 16:00:00,0.9559012597312062,2.0838905577488265,-1.1279892980176203
2023-04-14 17:00:00,0.7131928634196356,1.8097510188829884,-1.0965581554633528
2023-04-14 18:00:00,0.5069319504870009,1.549187205203791,-1.04225525471679
2023-04-14 19:00:00,0.48314426143167566,1.335978616449368,-0.8528343550176924
2023-04-14 20:00:00,0.46697847358001354,1.162178587875497,-0.6952001142954836
2023-04-14 21:00:00,0.4170824463619738,1.0131593595727924,-0.5960769132108186
2023-04-14 22:00:00,0.4370547048508229,0.8979384286283985,-0.4608837237775756
2023-04-14 23:00:00,0.39985855745771914,0.7983224543942626,-0.3984638969365435
2023-04-15 00:00:00,0.31031902821854374,0.7007217691591189,-0.39040274094057514
2023-04-15 01:00:00,0.21269895228226687,0.6031172057837485,-0.3904182535014816
2023-04-15 02:00:00,0.1976097309387228,0.5220157108147434,-0.3244059798760206
2023-04-15 03:00:00,0.19151293665601088,0.4559151559829969,-0.26440221932698604
2023-04-15 04:00:00,0.19253097034726352,0.40323831885585026,-0.21070734850858674
2023-04-15 05:00:00,0.238997737822217,0.3703902026491236,-0.13139246482690659
2023-04-15 06:00:00,0.24874807999970017,0.34606177811923894,-0.09731369811953877
2023-04-15 07:00:00,0.36523341270293486,0.3498961050359782,0.015337307666956679
2023-04-15 08:00:00,0.4842434777814333,0.37676557958506923,0.10747789819636405
2023-04-15 09:00:00,0.8033055689080584,0.4620735774496671,0.3412319914583913
2023-04-15 10:00:00,1.0281740953588496,0.5752936810315037,0.45288041432734594
2023-04-15 11:00:00,1.176681640636673,0.6955712729525376,0.4811103676841353
2023-04-15 12:00:00,1.2397381887530514,0.8044046561126403,0.4353335326404111
2023-04-15 13:00:00,1.179286900938223,0.8793811050777569,0.29990579586046606
2023-04-15 14:00:00,1.3258930213005442,0.9686834883223144,0.35720953297822977
2023-04-15 15:00:00,1.4096910583787121,1.056885002333594,0.35280605604511805
2023-04-15 16:00:00,1.3954622719484746,1.1246004562565701,0.2708618156919045
2023-04-15 17:00:00,1.2806623706489972,1.1558128391350557,0.12484953151394151
2023-04-15 18:00:00,1.1920794010194982,1.1630661515119443,0.029013249507553907
2023-04-15 19:00:00,1.1090918390474371,1.152271289019043,-0.04317944997160583
2023-04-15 20:00:00,0.9915478307896137,1.1201265973731571,-0.1285787665835434
2023-04-15 21:00:00,0.9041096724020008,1.0769232123789259,-0.17281353997692506
2023-04-15 22:00:00,0.9529360762589363,1.052125785154928,-0.09918970889599166
2023-04-15 23:00:00,0.9165130470726695,1.0250032375384763,-0.10849019046580688
2023-04-16 00:00:00,0.8296686447520756,0.9859363189811963,-0.1562676742291207
2023-04-16 01:00:00,0.7362188293186023,0.9359928210486775,-0.19977399173007526
2023-04-16 02:00:00,0.6705676197416892,0.8829077807872799,-0.21234016104559073
2023-04-16 03:00:00,0.5875580667143367,0.8238378379726914,-0.23627977125835464
2023-04-16 04:00:00,0.5955983534681764,0.7781899410717884,-0.18259158760361205
2023-04-16 05:00:00,0.6270191097173665,0.7479557748009041,-0.12093666508353762
2023-04-16 06:00:00,0.6046049545311689,0.7192856107469571,-0.11468065621578816
2023-04-16 07:00:00,0.635994377624229,0.7026273641224114,-0.0666329864981825
2023-04-16 08:00:00,0.7012026791629182,0.7023424271305129,-0.0011397479675946398
2023-04-16 09:00:00,0.632619978896571,0.6883979374837245,-0.05577795858715351
2023-04-16 10:00:00,0.6913358692417546,0.6889855238353305,0.0023503454064240925
2023-04-16 11:00:00,0.7374370839652897,0.6986758358613224,0.038761248103967305
2023-04-16 12:00:00,1.1640128267376895,0.791743234036596,0.3722695927010935
2023-04-16 13:00:00,1.6764124790324786,0.9686770830357725,0.7077353959967061
2023-04-16 14:00:00,2.4257123493028985,1.2600841362891977,1.1656282130137008
2023-04-16 15:00:00,2.929286750804806,1.5939246591923193,1.3353620916124869
2023-04-16 16:00:00,3.3063973303198964,1.936419193417835,1.3699781369020614
2023-04-16 17:00:00,3.7715820028138864,2.3034517552970453,1.4681302475168412
2023-04-16 18:00:00,4.172834016844035,2.6773282076064433,1.4955058092375921
2023-04-16 19:00:00,4.280107429353677,2.9978840519558902,1.282223377397787
2023-04-16 20:00:00,4.379195061042481,3.2741462537732082,1.1050488072692723
2023-04-16 21:00:00,4.462762919932061,3.511869587004979,0.9508933329270817
2023-04-16 22:00:00,4.525241864419002,3.714544042487784,0.8106978219312175
2023-04-16 23:00:00,4.363078737000876,3.8442509813904024,0.5188277556104737
2023-04-17 00:00:00,3.8353090076903413,3.8424625866503903,-0.0071535789600489785
2023-04-17 01:00:00,3.5216967239548467,3.7783094141112814,-0.25661269015643473
2023-04-17 02:00:00,3.578875741268007,3.7384226795426265,-0.15954693827461952
2023-04-17 03:00:00,3.5270487520829192,3.6961478940506853,-0.1690991419677661
2023-04-17 04:00:00,3.3186139457176296,3.6206411043840743,-0.3020271586664447
2023-04-17 05:00:00,3.1573774000385697,3.527988363514974,-0.3706109634764041
2023-04-17 06:00:00,2.907321674506136,3.4038550257132063,-0.49653335120707043
2023-04-17 07:00:00,2.5346874545077753,3.2300215114721205,-0.6953340569643451
2023-04-17 08:00:00,2.253738279813774,3.0347648651404517,-0.7810265853266776
2023-04-17 09:00:00,1.8085075785029403,2.7895134078129495,-0.9810058293100092
2023-04-17 10:00:00,1.4470475409687538,2.5210202344441104,-1.0739726934753566
2023-04-17 11:00:00,1.0835441207814256,2.2335250117115737,-1.149980890930148
2023-04-17 12:00:00,0.8342631605686961,1.9536726414829984,-1.1194094809143023
2023-04-17 13:00:00,0.589564252589355,1.68085096370427,-1.091286711114915
2023-04-17 14:00:00,0.21563132750480918,1.387807036464378,-1.1721757089595688
2023-04-17 15:00:00,-0.15956548078088417,1.0783325330153255,-1.2378980137962097
2023-04-17 16:00:00,-0.371932604300639,0.7882795055521327,-1.1602121098527718
2023-04-17 17:00:00,-0.5021697226787865,0.5301896599059489,-1.0323593825847355
2023-04-17 18:00:00,-0.5027581234288618,0.32360010323898675,-0.8263582266678486
2023-04-17 19:00:00,-0.47355805993186095,0.1641684706048172,-0.6377265305366782
2023-04-17 20:00:00,-0.4851698841444545,0.03430079965496287,-0.5194706837994174
2023-04-17 21:00:00,-0.6243510013007949,-0.0974295605361887,-0.5269214407646062
2023-04-17 22:00:00,-0.6385316372346779,-0.20564997587588654,-0.43288166135879136
2023-04-17 23:00:00,-0.698205564108946,-0.3041610935224984,-0.39404447058644754
2023-04-18 00:00:00,-0.8008195459721605,-0.4034927840124309,-0.39732676195972966
2023-04-18 01:00:00,-0.8322029272499663,-0.48923481265993796,-0.3429681145900283
2023-04-18 02:00:00,-0.7994440045786746,-0.5512766510436853,-0.2481673535349893
2023-04-18 03:00:00,-0.7965765408951029,-0.6003366290139689,-0.196239911881134
2023-04-18 04:00:00,-0.7054800774291721,-0.6213653186970095,-0.08411475873216256
2023-04-18 05:00:00,-0.3628206820934565,-0.5696563913762989,0.20683570928284234
2023-04-18 06:00:00,0.029437484418508575,-0.4498376162173374,0.479275100635846
2023-04-18 07:00:00,0.23272308513963935,-0.31332547594594207,0.5460485610855814
2023-04-18 08:00:00,0.3095682357315468,-0.1887467336104443,0.4983149693419911
2023-04-18 09:00:00,0.43006437097324124,-0.0649845126937072,0.49504888366694844
2023-04-18 10:00:00,0.4717059086016775,0.04235357156536975,0.42935233703630776
2023-04-18 11:00:00,0.6904084704632396,0.17196455134494373,0.5184439191182959
2023-04-18 12:00:00,0.7102989850788504,0.2796314380917251,0.4306675469871253
2023-04-18 13:00:00,0.749696978181305,0.37364454610964104,0.37605243207166394
2023-04-18 14:00:00,0.6603398847068433,0.4309836138290815,0.22935627087776184
2023-04-18 15:00:00,0.5349422771732293,0.45177534649791107,0.08316693067531822
2023-04-18 16:00:00,0.44655449603237685,0.45073117640480426,-0.00417668037242741
2023-04-18 17:00:00,0.20469450230621078,0.4015238415850856,-0.1968293392788748
2023-04-18 18:00:00,0.07668801716692997,0.33655667670145445,-0.2598686595345245
2023-04-18 19:00:00,-0.032453109562368354,0.2627547194486899,-0.29520782901105824
2023-04-18 20:00:00,-0.0059117916487139155,0.20902141722920914,-0.21493320887792305
2023-04-18 21:00:00,-0.01695877286567793,0.16382537921023174,-0.18078415207590967
2023-04-18 22:00:00,0.014465487125221443,0.13395340079322968,-0.11948791366800823
2023-04-18 23:00:00,0.05487520094004594,0.11813776082259295,-0.063262559882547
2023-04-19 00:00:00,0.07793266673866128,0.11009674200580662,-0.032164075267145334
2023-04-19 01:00:00,0.007360223512648645,0.08954943830717503,-0.08218921479452639
2023-04-19 02:00:00,-0.07194707785833998,0.057250135074072034,-0.12919721293241201
2023-04-19 03:00:00,-0.14921693417051074,0.015956721225155485,-0.16517365539566622
2023-04-19 04:00:00,-0.295804805250782,-0.04639558407003202,-0.24940922118074998
2023-04-19 05:00:00,-0.3195325697125213,-0.10102298119852988,-0.21850958851399144
2023-04-19 06:00:00,-0.7572733245505106,-0.23227304986892605,-0.5250002746815845
2023-04-19 07:00:00,-1.0357622541295655,-0.39297089072105396,-0.6427913634085115
2023-04-19 08:00:00,-1.9680739538951002,-0.7079915033558632,-1.260082450539237
2023-04-19 09:00:00,-2.620248944265313,-1.0904429915377531,-1.52980595272756
2023-04-19 10:00:00,-3.1651695327973357,-1.50538829978967,-1.6597812330076658
2023-04-19 11:00:00,-3.6118717656040076,-1.9266849929525376,-1.68518677265147
2023-04-19 12:00:00,-3.9685544634941152,-2.3350588870608533,-1.633495576433262
2023-04-19 13:00:00,-4.115031740034851,-2.691053457655653,-1.4239782823791982
2023-04-19 14:00:00,-4.071217278748634,-2.9670862218742493,-1.1041310568743845
2023-04-19 15:00:00,-4.158015438381938,-3.2052720651757873,-0.9527433732061503
2023-04-19 16:00:00,-4.106840031389424,-3.385585658418515,-0.7212543729709093
2023-04-19 17:00:00,-4.11567023922845,-3.531602574580502,-0.5840676646479479
2023-04-19 18:00:00,-4.131526724125365,-3.651587404489475,-0.4799393196358901
2023-04-19 19:00:00,-4.136753010308155,-3.7486205256532115,-0.38813248465494343
2023-04-19 20:00:00,-4.069773570590314,-3.812851134640632,-0.256922435949682
2023-04-19 21:00:00,-4.034735279408608,-3.8572279635942275,-0.17750731581438028
2023-04-19 22:00:00,-3.961303737549372,-3.878043118385256,-0.08326061916411565
2023-04-19 23:00:00,-4.042104623699004,-3.910855419448006,-0.13124920425099784
2023-04-20 00:00:00,-3.859916091494881,-3.900667553857381,0.040751462362500046
2023-04-20 01:00:00,-3.673188140719617,-3.8551716712298285,0.18198353051021154
2023-04-20 02:00:00,-3.6445757788219453,-3.8130524927482523,0.16847671392630703
2023-04-20 03:00:00,-3.4848985633315124,-3.7474217068649045,0.2625231435333921
2023-04-20 04:00:00,-3.256263724262624,-3.6491901103444486,0.39292638608182484
2023-04-20 05:00:00,-3.032048238105915,-3.5257617358967424,0.4937134977908273
2023-04-20 06:00:00,-2.7580099143294774,-3.3722113715832895,0.6142014572538121
2023-04-20 07:00:00,-2.5996264992416513,-3.217694397114962,0.6180678978733107
2023-04-20 08:00:00,-2.4060255159193957,-3.0553606208758493,0.6493351049564535
2023-04-20 09:00:00,-2.163107075813116,-2.8769099118633026,0.7138028360501867
2023-04-20 10:00:00,-2.0039760235838457,-2.7023231342074117,0.6983471106235659
2023-04-20 11:00:00,-2.0080303157280355,-2.5634645705115364,0.555434254783501
2023-04-20 12:00:00,-1.7410297717871117,-2.398977610766652,0.6579478389795401
2023-04-20 13:00:00,-1.5439093482233375,-2.227963958257989,0.6840546100346514
2023-04-20 14:00:00,-1.427716317246336,-2.0679144300556587,0.6401981128093226
2023-04-20 15:00:00,-1.5118646112985061,-1.9567044663042283,0.4448398550057222
2023-04-20 16:00:00,-1.9275151025212267,-1.9508665935476281,0.02335149102640144
2023-04-20 17:00:00,-2.2710872525957484,-2.0149107253572525,-0.25617652723849593
2023-04-20 18:00:00,-2.5702268316843515,-2.1259739466226724,-0.44425288506167915
2023-04-20 19:00:00,-2.7912595294696416,-2.259031063192066,-0.5322284662775756
2023-04-20 20:00:00,-2.8688064063159686,-2.380986131816847,-0.4878202744991218
2023-04-20 21:00:00,-2.8729379319782993,-2.479376491849137,-0.39356144012916205
2023-04-20 22:00:00,-2.9072525126883306,-2.5649516960169763,-0.34230081667135437
2023-04-20 23:00:00,-2.8371884091114907,-2.6193990386358794,-0.2177893704756113
2023-04-21 00:00:00,-2.662212961475859,-2.6279618232038757,-0.03425113827198345
2023-04-21 01:00:00,-2.5586029901206757,-2.614090056587236,0.0554870664665601
2023-04-21 02:00:00,-2.400405969940664,-2.5713532392579217,0.1709472693172578
2023-04-21 03:00:00,-2.2012441339599036,-2.497331418198318,0.29608728423841457
2023-04-21 04:00:00,-2.091915127035236,-2.416248159965702,0.3243330329304661
2023-04-21 05:00:00,-2.070168296800432,-2.347032187332648,0.27686389053221605
2023-04-21 06:00:00,-2.1332422241458744,-2.3042741946952936,0.1710319705494192
2023-04-21 07:00:00,-1.0894027971469882,-2.0612999151856326,0.9718971180386444
2023-04-21 08:00:00,-0.3868003652003722,-1.7264000051885806,1.3395996399882084
2023-04-21 09:00:00,0.23189727082854006,-1.3347405499851566,1.5666378208136966
2023-04-21 10:00:00,0.7857840538047185,-0.9106356292271817,1.6964196830319
2023-04-21 11:00:00,0.9714698917056808,-0.5342145250406092,1.50568441674629
2023-04-21 12:00:00,1.1696970308964296,-0.19343221385320142,1.363129244749631
2023-04-21 13:00:00,1.2159468176595283,0.08844359244934452,1.1275032252101838
2023-04-21 14:00:00,1.302143125605994,0.33118349908067446,0.9709596265253196
2023-04-21 15:00:00,1.3867454395172558,0.5422958871679908,0.844449552349265
2023-04-21 16:00:00,1.357453857088558,0.7053274811521043,0.6521263759364536
2023-04-21 17:00:00,1.1913997243357244,0.8025419297888283,0.38885779454689606
2023-04-21 18:00:00,1.0796319596509534,0.8579599357612534,0.22167202388969998
2023-04-21 19:00:00,0.39742494219530045,0.7658529370480629,-0.36842799485276245
2023-04-21 20:00:00,-0.07777913065103803,0.5971265235082428,-0.6749056541592808
2023-04-21 21:00:00,-0.3933631862355469,0.3990285815594849,-0.7923917677950318
2023-04-21 22:00:00,-0.556360800311893,0.2079507051852093,-0.7643115054971023
2023-04-21 23:00:00,-0.6298619418211047,0.04038817578394652,-0.6702501176050512
2023-04-22 00:00:00,-0.6962248083389113,-0.10693442104062506,-0.5892903872982862
2023-04-22 01:00:00,-0.7402843213276356,-0.23360440109802716,-0.5066799202296084
2023-04-22 02:00:00,-0.7663675942238797,-0.34015703972319766,-0.426210554500682
2023-04-22 03:00:00,-0.6424571374420793,-0.400617059266974,-0.24184007817510533
2023-04-22 04:00:00,-0.474237182556692,-0.41534108392491764,-0.05889609863177436
2023-04-22 05:00:00,-0.32108209331534,-0.39648928580300213,0.07540719248766214
2023-04-22 06:00:00,-0.2532701904246437,-0.3678454667273305,0.11457527630268677
2023-04-22 07:00:00,-0.253095392542491,-0.34489545189036264,0.09180005934787161
2023-04-22 08:00:00,-0.22614254072544782,-0.32114486965737965,0.09500232893193183
2023-04-22 09:00:00,-0.13065363926517648,-0.283046623578939,0.15239298431376253
2023-04-22 10:00:00,0.04137502870821663,-0.2181622931215079,0.25953732182972455
2023-04-22 11:00:00,0.27141030955669976,-0.12024777258586637,0.39165808214256614
2023-04-22 12:00:00,0.6240429619644488,0.02861037432419665,0.5954325876402521
2023-04-22 13:00:00,0.8373700490422493,0.1903623092678072,0.6470077397744421
2023-04-22 14:00:00,1.1704625526040218,0.38638235793505016,0.7840801946689716
2023-04-22 15:00:00,1.2824813226013703,0.5656021508683142,0.716879171733056
2023-04-22 16:00:00,1.523151511942899,0.7571120230832313,0.7660394888596678
2023-04-22 17:00:00,1.7422161729718937,0.9541328530609638,0.7880833199109298
2023-04-22 18:00:00,1.8780392985875096,1.138914142166273,0.7391251564212367
2023-04-22 19:00:00,1.9072108152539613,1.2925734767838106,0.6146373384701507
2023-04-22 20:00:00,1.980126267739081,1.4300840349748647,0.5500422327642163
2023-04-22 21:00:00,2.11041471321613,1.5661501706231178,0.5442645425930124
2023-04-22 22:00:00,2.2203510769008403,1.6969903518786624,0.5233607250221779
2023-04-22 23:00:00,2.281180409395688,1.8138283633820675,0.46735204601362046
2023-04-23 00:00:00,2.1831842407304407,1.8876995388517424,0.29548470187869835
2023-04-23 01:00:00,2.009732151425908,1.9121060613665757,0.0976260900593322
2023-04-23 02:00:00,1.8668881253163931,1.9030624741565392,-0.03617434884014603
2023-04-23 03:00:00,1.7656070436030973,1.8755713880458509,-0.1099643444427536
2023-04-23 04:00:00,1.7379297625615777,1.8480430629489963,-0.11011330038741862
2023-04-23 05:00:00,1.6326221519158253,1.8049588807423622,-0.17233672882653694
2023-04-23 06:00:00,1.5235336005333693,1.7486738247005635,-0.22514022416719426
2023-04-23 07:00:00,1.4446347799284922,1.6878660157461494,-0.24323123581765715
2023-04-23 08:00:00,1.4221968460650487,1.6347321818099294,-0.2125353357448807
2023-04-23 09:00:00,1.380432688809492,1.583872283209842,-0.20343959440034998
2023-04-23 10:00:00,1.2362535606028473,1.5143485386884432,-0.2780949780855959
2023-04-23 11:00:00,1.188976425277417,1.4492741160062381,-0.26029769072882103
2023-04-23 12:00:00,1.1064775138369214,1.3807147955723749,-0.2742372817354535
2023-04-23 13:00:00,1.1010270559979745,1.324777247657495,-0.2237501916595206
2023-04-23 14:00:00,0.9884829416683942,1.257518386459675,-0.26903544479128083
2023-04-23 15:00:00,0.7454528470606192,1.155105278579864,-0.4096524315192447
2023-04-23 16:00:00,0.642275959865799,1.0525394148370508,-0.41026345497125183
2023-04-23 17:00:00,0.5142339432902077,0.9448783205276823,-0.4306443772374746
2023-04-23 18:00:00,0.3362610363629983,0.8231548636947454,-0.48689382733174713
2023-04-23 19:00:00,0.19299153906831634,0.6971221987694597,-0.5041306597011433
2023-04-23 20:00:00,0.0944984396030577,0.5765974469361793,-0.4820990073331216
2023-04-23 21:00:00,0.1040038637871703,0.48207873030637755,-0.37807486651920724
2023-04-23 22:00:00,0.17408356804787672,0.42047969785467737,-0.24639612980680065
2023-04-23 23:00:00,0.24295987687827392,0.3849757336593967,-0.14201585678112277
2023-04-24 00:00:00,0.4297665589890016,0.3939338987253177,0.035832660263683924
2023-04-24 01:00:00,0.5393186141014894,0.42301084180055204,0.11630777230093736
2023-04-24 02:00:00,0.619003915239773,0.4622094564883963,0.15679445875137676
2023-04-24 03:00:00,0.6743812433083463,0.5046438138523863,0.16973742945595993
2023-04-24 04:00:00,0.6542423266292303,0.5345635164077551,0.1196788102214752
2023-04-24 05:00:00,0.6629170520045022,0.5602342235271046,0.10268282847739763
2023-04-24 06:00:00,0.4707058875320058,0.5423285563280849,-0.07162266879607904
2023-04-24 07:00:00,0.322726133172921,0.49840807169705215,-0.17568193852413116
2023-04-24 08:00:00,0.11536050074710147,0.421798557507062,-0.30643805675996055
2023-04-24 09:00:00,0.07123801949330755,0.3516864499043112,-0.28044843041100365
2023-04-24 10:00:00,0.059788918573758565,0.29330694363820065,-0.23351802506444208
2023-04-24 11:00:00,0.14586396578982885,0.2638183480685263,-0.11795438227869742
2023-04-24 12:00:00,0.29141149320082604,0.2693369770949863,0.02207451610583977
2023-04-24 13:00:00,0.4340323594834672,0.3022760535726825,0.1317563059107847
2023-04-24 14:00:00,0.46105403694730285,0.3340316502476066,0.12702238669969623
2023-04-24 15:00:00,0.31742653026572043,0.3307106262512294,-0.013284095985508948
2023-04-24 16:00:00,0.11353117283408665,0.2872747355678008,-0.17374356273371416
2023-04-24 17:00:00,0.15192049481402137,0.2602038874170449,-0.10828339260302355
2023-04-24 18:00:00,0.22812955910245591,0.25378902175412715,-0.02565946265167124
2023-04-24 19:00:00,0.309169372330075,0.2648650918693167,0.044304280460758294
2023-04-24 20:00:00,0.36116159782375234,0.2841243930602039,0.07703720476354847
2023-04-24 21:00:00,0.34991719787922193,0.2972829540240075,0.052634243855214424
2023-04-24 22:00:00,0.34509703042550655,0.30684576930430735,0.0382512611211992
2023-04-24 23:00:00,0.3214334003073418,0.30976329550491427,0.011670104802427528
2023-04-25 00:00:00,0.29923046046764057,0.3076567284974595,-0.00842626802981894
2023-04-25 01:00:00,0.31033379295257646,0.3081921413884829,0.002141651564093572
2023-04-25 02:00:00,0.30751920965212776,0.3080575550412119,-0.0005383453890841494
2023-04-25 03:00:00,0.23799189556029887,0.2940444231450293,-0.05605252758473045
2023-04-25 04:00:00,0.18080677032531867,0.2713968925810872,-0.09059012225576851
2023-04-25 05:00:00,0.1259659255363772,0.2423106991721452,-0.116344773635768
2023-04-25 06:00:00,0.009769070781032951,0.19580237349392277,-0.18603330271288981
2023-04-25 07:00:00,-0.12126571936380515,0.1323887549223772,-0.2536544742861824
2023-04-25 08:00:00,-0.1826603188292779,0.06937894017204618,-0.25203925900132407
2023-04-25 09:00:00,-0.2446343176260939,0.006576288612418171,-0.25121060623851205
2023-04-25 10:00:00,-0.18669788571327217,-0.0320785462527199,-0.15461933946055229
2023-04-25 11:00:00,-0.13917848309546343,-0.05349853362126861,-0.08567994947419483
2023-04-25 12:00:00,-0.10036210231976384,-0.06287124736096766,-0.03749085495879617
2023-04-25 13:00:00,-0.13262434413570645,-0.07682186671591543,-0.055802477419791024
2023-04-25 14:00:00,-0.13245801685030756,-0.08794909674279386,-0.0445089201075137
2023-04-25 15:00:00,0.036703157140777876,-0.0630186459660795,0.09972180310685738
2023-04-25 16:00:00,0.1289325309840592,-0.024628410576051765,0.15356094156011096
2023-04-25 17:00:00,0.287471983072237,0.03779166815360599,0.249680314918631
2023-04-25 18:00:00,0.40840777051374744,0.11191488862563428,0.2964928818881132
2023-04-25 19:00:00,0.4905266037454794,0.18763723164960333,0.3028893720958761
2023-04-25 20:00:00,0.7726364975453635,0.3046370848287554,0.46799941271660805
2023-04-25 21:00:00,1.112493120920817,0.46620829204716774,0.6462848288736494
2023-04-25 22:00:00,1.350130154950989,0.642992664627932,0.707137490323057
2023-04-25 23:00:00,1.6246306214424067,0.8393202559908269,0.7853103654515797
2023-04-26 00:00:00,1.7972491564833604,1.0309060360893336,0.7663431203940267
2023-04-26 01:00:00,1.8561696707577084,1.1959587630230086,0.6602109077346998
2023-04-26 02:00:00,1.9769060318473066,1.3521482167878682,0.6247578150594384
2023-04-26 03:00:00,2.0250395793465827,1.486726489299611,0.5383130900469717
2023-04-26 04:00:00,2.0237192581070076,1.5941250430610903,0.4295942150459173
2023-04-26 05:00:00,2.0474857385249265,1.6847971821538577,0.3626885563710689
2023-04-26 06:00:00,1.9231149099233562,1.7324607277077573,0.19065418221559893
2023-04-26 07:00:00,1.7399398742961694,1.7339565570254398,0.005983317270729538
2023-04-26 08:00:00,1.784005702516481,1.7439663861236483,0.04003931639283276
2023-04-26 09:00:00,1.7981996624894805,1.7548130413968148,0.04338662109266567
2023-04-26 10:00:00,1.7728735665995146,1.7584251464373548,0.014448420162159747
2023-04-26 11:00:00,1.6769870405706797,1.7421375252640199,-0.06515048469334017
2023-04-26 12:00:00,2.1012698245585852,1.8139639851229332,0.287305839435652
2023-04-26 13:00:00,2.290080896633924,1.9091873674251314,0.3808935292087927
2023-04-26 14:00:00,2.268322267671522,1.9810143474744095,0.28730792019711227
2023-04-26 15:00:00,2.2972199541804343,2.0442554688156145,0.25296448536481986
2023-04-26 16:00:00,2.325590278890502,2.100522430830592,0.22506784805990998
2023-04-26 17:00:00,2.169748336382554,2.1143676119409847,0.055380724441569384
2023-04-26 18:00:00,2.0628095114959137,2.1040559918519706,-0.041246480356056825
2023-04-26 19:00:00,0.9184806941460124,1.866940932310779,-0.9484602381647667
2023-04-26 20:00:00,0.2507760002775967,1.5437079459041427,-1.292931945626546
2023-04-26 21:00:00,-0.29914392797002165,1.17513757112931,-1.4742814990993316
2023-04-26 22:00:00,-0.8063559067626329,0.7788388755509214,-1.5851947823135544
2023-04-26 23:00:00,-1.1387145122923243,0.39532819798227226,-1.5340427102745966
2023-04-27 00:00:00,-1.0590671005302283,0.10444913827977217,-1.1635162388100004
2023-04-27 01:00:00,-1.231889588744707,-0.16281860712512367,-1.0690709816195834
2023-04-27 02:00:00,-1.2415722836279883,-0.3785693424256966,-0.8630029412022917
2023-04-27 03:00:00,-1.3147815484666694,-0.5658117836338912,-0.7489697648327782
2023-04-27 04:00:00,-1.2135662254945032,-0.6953626720060136,-0.5182035534884896
2023-04-27 05:00:00,-1.0805506166075816,-0.7724002609263273,-0.30815035568125426
2023-04-27 06:00:00,-1.1953611724185862,-0.8569924432247792,-0.338368729193807
2023-04-27 07:00:00,-1.3115761529267047,-0.9479091851651644,-0.3636669677615403
2023-04-27 08:00:00,-1.4116126629780297,-1.0406498807277376,-0.3709627822502921
2023-04-27 09:00:00,-1.4818793000497976,-1.1288957645921496,-0.35298353545764805
2023-04-27 10:00:00,-1.5359984111453286,-1.2103162939027854,-0.32568211724254326
2023-04-27 11:00:00,-1.5688723766915018,-1.2820275104605288,-0.28684486623097305
2023-04-27 12:00:00,-1.6166354850061566,-1.3489491053696545,-0.2676863796365021
2023-04-27 13:00:00,-1.6755195671899514,-1.414263197733714,-0.26125636945623754
2023-04-27 14:00:00,-1.606833083804645,-1.4527771749479002,-0.1540559088567448
2023-04-27 15:00:00,-1.4230264876047158,-1.4468270374792633,0.023800549874547494
2023-04-27 16:00:00,-1.2308928126604997,-1.4036401925155106,0.17274737985501099
2023-04-27 17:00:00,-0.9466753429730943,-1.3122472226070274,0.3655718796339331
2023-04-27 18:00:00,-0.5935513955772649,-1.168508057201075,0.5749566616238102
2023-04-27 19:00:00,-0.3260776317136447,-1.000021972103589,0.6739443403899443
2023-04-27 20:00:00,-0.11280243060434714,-0.8225780638037408,0.7097756331993936
2023-04-27 21:00:00,-0.01621584932956921,-0.6613056209089065,0.6450897715793373
2023-04-27 22:00:00,-0.06001592554633817,-0.541047681836393,0.4810317562900548
2023-04-27 23:00:00,-0.2292608180176785,-0.4786903090726501,0.24942949105497159
2023-04-28 00:00:00,-0.5108143854180867,-0.4851151243417374,-0.025699261076349234
2023-04-28 01:00:00,-0.8213100363965395,-0.5523541067526979,-0.26895592964384163
2023-04-28 02:00:00,-1.1270110730731062,-0.6672855000167797,-0.45972557305632655
2023-04-28 03:00:00,-1.345699793283245,-0.8029683586700729,-0.5427314346131722
2023-04-28 04:00:00,-1.4857470835529512,-0.9395241036466486,-0.5462229799063025
2023-04-28 05:00:00,-1.6822428570286547,-1.08806785432305,-0.5941750027056047
2023-04-28 06:00:00,-1.8249988863097997,-1.2354540607204,-0.5895448255893996
2023-04-28 07:00:00,-1.93200148604501,-1.374763545785322,-0.5572379402596881
2023-04-28 08:00:00,-2.3208838478200846,-1.5639876061922746,-0.75689624162781
2023-04-28 09:00:00,-2.7746135176116695,-1.8061127884761539,-0.9685007291355157
2023-04-28 10:00:00,-2.954890455281827,-2.0358683218372886,-0.9190221334445385
2023-04-28 11:00:00,-2.982687025191126,-2.225232062508056,-0.7574549626830698
2023-04-28 12:00:00,-2.9305881893628793,-2.366303287879021,-0.5642849014838585
2023-04-28 13:00:00,-2.872327412695654,-2.4675081128423475,-0.40481929985330645
2023-04-28 14:00:00,-2.8976521328259537,-2.553536916839069,-0.34411521598688477
2023-04-28 15:00:00,-2.8764945530667774,-2.618128444084611,-0.2583661089821665
2023-04-28 16:00:00,-2.7154566253001917,-2.637594080327727,-0.07786254497246459
2023-04-28 17:00:00,-2.582273557958331,-2.626529975853848,0.04425641789551715
2023-04-28 18:00:00,-2.392659775192442,-2.579755935721567,0.18709616052912503
2023-04-28 19:00:00,-2.184926358208429,-2.5007900202189397,0.31586366201051064
2023-04-28 20:00:00,-1.9334551470874999,-2.3873230455926517,0.45386789850515186
2023-04-28 21:00:00,-1.7303542819974496,-2.2559292928736117,0.5255750108761621
2023-04-28 22:00:00,-1.551510535479622,-2.1150455413948137,0.5635350059151918
2023-04-28 23:00:00,-1.3857325513362184,-1.9691829433830947,0.5834503920468763
2023-04-29 00:00:00,-1.303875355197306,-1.836121425745937,0.5322460705486312
2023-04-29 01:00:00,-1.272746493775685,-1.7234464393518867,0.45069994557620174
2023-04-29 02:00:00,-1.1301498474336427,-1.6047871209682378,0.47463727353459517
2023-04-29 03:00:00,-1.0055496276792155,-1.4849396223104334,0.4793899946312179
2023-04-29 04:00:00,-0.8645602859608061,-1.360863755040508,0.4963034690797019
2023-04-29 05:00:00,-0.82401809189696,-1.2534946224117984,0.4294765305148385
2023-04-29 06:00:00,-0.8147725769820227,-1.1657502133258433,0.3509776363438206
2023-04-29 07:00:00,-0.766334950459111,-1.085867160752497,0.31953221029338597
2023-04-29 08:00:00,-0.7754925370812202,-1.0237922360182417,0.24829969893702142
2023-04-29 09:00:00,-0.7339437227586245,-0.9658225333663182,0.23187881060769366
2023-04-29 10:00:00,-0.740890449739311,-0.9208361166409168,0.17994566690160585
2023-04-29 11:00:00,-0.7378898460946175,-0.884246862531657,0.14635701643703947
2023-04-29 12:00:00,-0.7510615686397841,-0.8576098037532824,0.10654823511349831
2023-04-29 13:00:00,-0.6411412764043121,-0.8143160982834885,0.17317482187917643
2023-04-29 14:00:00,-0.587600975919031,-0.768973073810597,0.18137209789156594
2023-04-29 15:00:00,-0.5708659715397175,-0.7293516533564212,0.15848568181670364
2023-04-29 16:00:00,-0.5033856578916698,-0.6841584542634709,0.1807727963718011
2023-04-29 17:00:00,-0.5883696211828351,-0.6650006876473438,0.07663106646450868
2023-04-29 18:00:00,-0.6163385995883459,-0.6552682700355442,0.038929670447198306
2023-04-29 19:00:00,-0.5594329433581038,-0.6361012047000563,0.07666826134195248
2023-04-29 20:00:00,-0.5643138914015253,-0.6217437420403501,0.057429850638824775
2023-04-29 21:00:00,-0.57766148441101,-0.6129272905144821,0.035265806103472186
2023-04-29 22:00:00,-0.5576043395106467,-0.6018627003137151,0.04425836080306844
2023-04-29 23:00:00,-0.567444418696823,-0.5949790439903367,0.027534625293513693
2023-04-30 00:00:00,-0.6404821511794694,-0.6040796654281633,-0.03640248575130611
2023-04-30 01:00:00,-0.7302925438518741,-0.6293222411129055,-0.10097030273896868
2023-04-30 02:00:00,-0.7045851017137466,-0.6443748132330738,-0.06021028848067278
2023-04-30 03:00:00,-0.7482093552896458,-0.6651417216443882,-0.0830676336452576
2023-04-30 04:00:00,-0.6701575954954251,-0.6661448964145956,-0.004012699080829463
2023-04-30 05:00:00,-0.5774371843119752,-0.6484033539940716,0.07096616968209635
2023-04-30 06:00:00,-0.5141669227373313,-0.6215560677427235,0.1073891450053922
2023-04-30 07:00:00,-0.49862279275447463,-0.5969694127450738,0.09834661999059913
2023-04-30 08:00:00,-0.44885320040032184,-0.5673461702761234,0.1184929698758016
2023-04-30 09:00:00,-0.39676758587330596,-0.53323045339556,0.136462867522254
2023-04-30 10:00:00,-0.3434609923165226,-0.49527656117975255,0.15181556886322994
2023-04-30 11:00:00,-0.33766852166871786,-0.4637549532775456,0.12608643160882776
